year,ID
1993,100-1
1999,100-1
2000,100-1
2001,100-1
2002,100-1
2003,100-1
2004,100-1
2005,100-1
2006,100-1
2007,100-1
2009,100-1
2010,100-1
2011,100-1
2012,100-1
2015,100-1
2016,100-1
2017,100-1
2018,100-1
2019,100-1
2020,100-1
2021,100-1
2022,100-1
2023,100-1
1991,101-1
1992,101-1
1993,101-1
1994,101-1
1995,101-1
1996,101-1
1997,101-1
1998,101-1
1999,101-1
2000,101-1
2001,101-1
2002,101-1
2003,101-1
2004,101-1
2005,101-1
2006,101-1
2007,101-1
2008,101-1
2009,101-1
2010,101-1
2011,101-1
2012,101-1
2013,101-1
2014,101-1
2015,101-1
2016,101-1
2017,101-1
2018,101-1
2019,101-1
2020,101-1
2021,101-1
2022,101-1
2023,101-1
1986,103-1
1987,103-1
1988,103-1
1989,103-1
1990,103-1
1992,103-1
1993,103-1
1994,103-1
1995,103-1
1996,103-1
1997,103-1
1998,103-1
1999,103-1
2000,103-1
2001,103-1
2002,103-1
2004,103-1
2005,103-1
2006,103-1
2007,103-1
2008,103-1
2009,103-1
2010,103-1
2011,103-1
2012,103-1
2013,103-1
2014,103-1
2015,103-1
2016,103-1
2017,103-1
2018,103-1
2019,103-1
2020,103-1
2021,103-1
2022,103-1
2023,103-1
1983,103-3
1984,103-3
1985,103-3
1989,103-3
1990,103-3
1991,103-3
1992,103-3
1998,103-3
1999,103-3
2000,103-3
2002,103-3
2005,103-3
2006,103-3
2007,103-3
2008,103-3
2009,103-3
2011,103-3
2014,103-3
2015,103-3
2016,103-3
2017,103-3
2018,103-3
2019,103-3
2020,103-3
2021,103-3
2022,103-3
2023,103-3
1986,103-40
1987,103-40
1988,103-40
1989,103-40
1990,103-40
1991,103-40
1992,103-40
1993,103-40
1994,103-40
1995,103-40
1996,103-40
1997,103-40
1998,103-40
1999,103-40
2000,103-40
2001,103-40
2002,103-40
2003,103-40
2004,103-40
2005,103-40
2006,103-40
2007,103-40
2008,103-40
2009,103-40
2010,103-40
2011,103-40
2013,103-40
2014,103-40
2015,103-40
2016,103-40
2017,103-40
2018,103-40
2019,103-40
2020,103-40
2021,103-40
2022,103-40
2023,103-40
1976,104-22
1989,104-22
1990,104-22
1992,104-22
1993,104-22
1994,104-22
1995,104-22
1997,104-22
1998,104-22
1999,104-22
2000,104-22
2001,104-22
2002,104-22
2003,104-22
2004,104-22
2007,104-22
2008,104-22
2009,104-22
2010,104-22
2011,104-22
2013,104-22
2014,104-22
2015,104-22
2016,104-22
2017,104-22
2018,104-22
2019,104-22
2023,104-22
1976,104-23
1977,104-23
1981,104-23
1982,104-23
1983,104-23
1985,104-23
1986,104-23
1987,104-23
1988,104-23
1989,104-23
1990,104-23
1991,104-23
1992,104-23
1993,104-23
1994,104-23
1995,104-23
1996,104-23
1997,104-23
1998,104-23
1999,104-23
2000,104-23
2001,104-23
2002,104-23
2003,104-23
2004,104-23
2005,104-23
2006,104-23
2007,104-23
2008,104-23
2009,104-23
2010,104-23
2011,104-23
2012,104-23
2013,104-23
2014,104-23
2015,104-23
2016,104-23
2017,104-23
2018,104-23
2019,104-23
2020,104-23
2021,104-23
2022,104-23
2023,104-23
1987,105-1
1988,105-1
1989,105-1
1990,105-1
1991,105-1
1992,105-1
1993,105-1
1994,105-1
1995,105-1
1998,105-1
1999,105-1
2000,105-1
2001,105-1
2002,105-1
2003,105-1
2005,105-1
2006,105-1
2007,105-1
2008,105-1
2009,105-1
2010,105-1
2011,105-1
2012,105-1
2013,105-1
2014,105-1
2015,105-1
2016,105-1
2017,105-1
2018,105-1
2019,105-1
2020,105-1
2021,105-1
2022,105-1
2023,105-1
1964,109-12
1965,109-12
1966,109-12
1967,109-12
1968,109-12
1969,109-12
1970,109-12
1971,109-12
1972,109-12
1973,109-12
1974,109-12
1975,109-12
1976,109-12
1977,109-12
1978,109-12
1979,109-12
1980,109-12
1981,109-12
1982,109-12
1983,109-12
1984,109-12
1985,109-12
1986,109-12
1987,109-12
1988,109-12
1989,109-12
1990,109-12
1981,109-21
1986,109-21
1987,109-21
1988,109-21
1989,109-21
1990,109-21
1998,109-21
1999,109-21
2001,109-21
2002,109-21
2004,109-21
2005,109-21
2006,109-21
2007,109-21
2008,109-21
2009,109-21
2010,109-21
2011,109-21
2012,109-21
2013,109-21
2014,109-21
2015,109-21
2016,109-21
2017,109-21
2018,109-21
2019,109-21
2020,109-21
2021,109-21
2022,109-21
2023,109-21
1975,109-29
1976,109-29
1978,109-29
1979,109-29
1980,109-29
1981,109-29
1982,109-29
1983,109-29
1985,109-29
1986,109-29
1987,109-29
1988,109-29
1989,109-29
1990,109-29
1991,109-29
1992,109-29
1993,109-29
1994,109-29
1995,109-29
1996,109-29
1997,109-29
1998,109-29
1999,109-29
2000,109-29
2001,109-29
2002,109-29
2004,109-29
2007,109-29
2008,109-29
2009,109-29
2010,109-29
2011,109-29
2012,109-29
2014,109-29
2015,109-29
2016,109-29
2017,109-29
2018,109-29
2019,109-29
2020,109-29
2021,109-29
2022,109-29
2023,109-29
1988,109-35
1989,109-35
1991,109-35
1992,109-35
1993,109-35
1995,109-35
1996,109-35
1999,109-35
2002,109-35
2004,109-35
2005,109-35
2006,109-35
2009,109-35
2010,109-35
2011,109-35
2012,109-35
2013,109-35
2014,109-35
2015,109-35
2016,109-35
2017,109-35
2018,109-35
2019,109-35
2020,109-35
2021,109-35
2022,109-35
2023,109-35
1979,109-9
1980,109-9
1981,109-9
1982,109-9
1983,109-9
1984,109-9
1985,109-9
1986,109-9
1987,109-9
1988,109-9
1989,109-9
1990,109-9
1991,109-9
1992,109-9
1993,109-9
1994,109-9
1995,109-9
1996,109-9
1997,109-9
1998,109-9
1999,109-9
2000,109-9
2001,109-9
2002,109-9
2003,109-9
2004,109-9
2005,109-9
2006,109-9
2007,109-9
2008,109-9
2009,109-9
2010,109-9
2011,109-9
2012,109-9
2013,109-9
2014,109-9
2015,109-9
2016,109-9
2017,109-9
2018,109-9
2019,109-9
2020,109-9
2021,109-9
2022,109-9
2023,109-9
1977,11-4
1978,11-4
1980,11-4
1981,11-4
1982,11-4
1983,11-4
1985,11-4
1986,11-4
1987,11-4
1988,11-4
1989,11-4
1990,11-4
1991,11-4
1992,11-4
1993,11-4
1997,11-4
1998,11-4
1999,11-4
2000,11-4
2001,11-4
2002,11-4
2003,11-4
2004,11-4
2005,11-4
2006,11-4
2007,11-4
1979,111-10
1981,111-10
1982,111-10
1983,111-10
1984,111-10
1986,111-10
1987,111-10
1988,111-10
1989,111-10
1990,111-10
1991,111-10
1992,111-10
1994,111-10
1995,111-10
1996,111-10
1998,111-10
2000,111-10
2001,111-10
2002,111-10
2003,111-10
2004,111-10
2005,111-10
2006,111-10
2007,111-10
2011,111-10
2012,111-10
2013,111-10
2014,111-10
2015,111-10
2016,111-10
2017,111-10
2018,111-10
2019,111-10
2020,111-10
2021,111-10
2022,111-10
2023,111-10
1975,111-9
1976,111-9
1977,111-9
1979,111-9
1980,111-9
1982,111-9
1983,111-9
1984,111-9
1985,111-9
1986,111-9
1987,111-9
1988,111-9
1989,111-9
1990,111-9
1991,111-9
1992,111-9
1994,111-9
1995,111-9
1996,111-9
1997,111-9
1998,111-9
2000,111-9
2001,111-9
2002,111-9
2003,111-9
2004,111-9
2006,111-9
2008,111-9
2009,111-9
2010,111-9
2011,111-9
2012,111-9
2013,111-9
2014,111-9
2015,111-9
2016,111-9
2017,111-9
2018,111-9
2019,111-9
2020,111-9
2021,111-9
2023,111-9
1990,114-1
1994,114-1
1996,114-1
1997,114-1
1998,114-1
1999,114-1
2001,114-1
2003,114-1
2006,114-1
2007,114-1
2008,114-1
2011,114-1
2012,114-1
2013,114-1
2014,114-1
2015,114-1
2016,114-1
2017,114-1
2018,114-1
2019,114-1
2020,114-1
2021,114-1
2022,114-1
2023,114-1
1986,12-113
1987,12-113
1988,12-113
1989,12-113
1990,12-113
1991,12-113
1992,12-113
1993,12-113
1994,12-113
1995,12-113
1996,12-113
1998,12-113
1999,12-113
2000,12-113
2001,12-113
2002,12-113
2003,12-113
2004,12-113
2005,12-113
2006,12-113
2007,12-113
2008,12-113
2009,12-113
2010,12-113
2011,12-113
2013,12-113
2014,12-113
2015,12-113
2016,12-113
2017,12-113
2018,12-113
2019,12-113
2020,12-113
2021,12-113
2022,12-113
2023,12-113
1974,12-13
1976,12-13
1978,12-13
1979,12-13
1980,12-13
1981,12-13
1986,12-13
1987,12-13
1988,12-13
1989,12-13
1991,12-13
1992,12-13
1993,12-13
1994,12-13
1995,12-13
1997,12-13
1998,12-13
1999,12-13
2000,12-13
2001,12-13
2003,12-13
2004,12-13
2005,12-13
2006,12-13
2007,12-13
2008,12-13
2009,12-13
2010,12-13
2011,12-13
2012,12-13
2013,12-13
2014,12-13
2015,12-13
2016,12-13
2017,12-13
2018,12-13
2019,12-13
2020,12-13
2021,12-13
2022,12-13
1963,12-150
1965,12-150
1966,12-150
1998,12-150
1999,12-150
2000,12-150
2001,12-150
2005,12-150
2011,12-150
2012,12-150
2013,12-150
2014,12-150
2015,12-150
2016,12-150
2017,12-150
2018,12-150
2019,12-150
2020,12-150
2021,12-150
2022,12-150
2023,12-150
1969,12-171
1970,12-171
1971,12-171
1972,12-171
1974,12-171
1975,12-171
1976,12-171
1977,12-171
1980,12-171
1981,12-171
1982,12-171
1983,12-171
1984,12-171
1990,12-171
1994,12-171
1995,12-171
1996,12-171
1997,12-171
1998,12-171
1999,12-171
2000,12-171
2001,12-171
2002,12-171
2003,12-171
2004,12-171
2005,12-171
2006,12-171
2007,12-171
2008,12-171
2009,12-171
2010,12-171
2012,12-171
2013,12-171
2014,12-171
2015,12-171
2016,12-171
2017,12-171
2018,12-171
2019,12-171
2020,12-171
2021,12-171
2022,12-171
2023,12-171
1972,12-178
1975,12-178
1976,12-178
1977,12-178
1978,12-178
1979,12-178
1980,12-178
1981,12-178
1982,12-178
1983,12-178
1985,12-178
1986,12-178
1987,12-178
1988,12-178
1989,12-178
1990,12-178
1991,12-178
1992,12-178
1993,12-178
1994,12-178
1995,12-178
1996,12-178
1997,12-178
1998,12-178
1999,12-178
2000,12-178
2001,12-178
2002,12-178
2003,12-178
2004,12-178
2005,12-178
2006,12-178
2007,12-178
2008,12-178
2009,12-178
2010,12-178
2012,12-178
2013,12-178
2014,12-178
2015,12-178
2016,12-178
2017,12-178
2018,12-178
2019,12-178
2020,12-178
2021,12-178
2022,12-178
2023,12-178
1980,12-193
1982,12-193
1984,12-193
1986,12-193
1987,12-193
1988,12-193
1989,12-193
1990,12-193
1991,12-193
1992,12-193
1993,12-193
1994,12-193
1995,12-193
1996,12-193
1997,12-193
1998,12-193
1999,12-193
2000,12-193
2002,12-193
2003,12-193
2004,12-193
2005,12-193
2006,12-193
2007,12-193
2008,12-193
2009,12-193
2010,12-193
2011,12-193
2012,12-193
2013,12-193
2014,12-193
2015,12-193
2016,12-193
2017,12-193
2018,12-193
2019,12-193
2020,12-193
2021,12-193
2022,12-193
2023,12-193
1978,12-197
1980,12-197
1981,12-197
1982,12-197
1983,12-197
1984,12-197
1985,12-197
1986,12-197
1987,12-197
1988,12-197
1989,12-197
1990,12-197
1991,12-197
1992,12-197
1993,12-197
1994,12-197
1995,12-197
1997,12-197
1998,12-197
2000,12-197
2004,12-197
2006,12-197
2007,12-197
2008,12-197
2009,12-197
2010,12-197
2011,12-197
2012,12-197
2013,12-197
2014,12-197
2015,12-197
2016,12-197
2017,12-197
2018,12-197
2019,12-197
2020,12-197
2021,12-197
2022,12-197
2023,12-197
1986,12-200
1987,12-200
1988,12-200
1989,12-200
1990,12-200
1991,12-200
1992,12-200
1993,12-200
1994,12-200
1995,12-200
1996,12-200
1997,12-200
1998,12-200
1999,12-200
2000,12-200
2001,12-200
2002,12-200
2003,12-200
2004,12-200
2005,12-200
2006,12-200
2007,12-200
2008,12-200
2009,12-200
2010,12-200
2011,12-200
2012,12-200
2013,12-200
2014,12-200
2015,12-200
2016,12-200
2017,12-200
2018,12-200
2019,12-200
2020,12-200
2021,12-200
2022,12-200
2023,12-200
1982,12-207
1983,12-207
1984,12-207
1985,12-207
1986,12-207
1987,12-207
1988,12-207
1989,12-207
1990,12-207
1992,12-207
1993,12-207
1994,12-207
1995,12-207
1997,12-207
1998,12-207
1999,12-207
2000,12-207
2001,12-207
2003,12-207
2004,12-207
2005,12-207
2006,12-207
2007,12-207
2008,12-207
2009,12-207
2010,12-207
2011,12-207
2012,12-207
2013,12-207
2014,12-207
2015,12-207
2016,12-207
2017,12-207
2018,12-207
2019,12-207
2020,12-207
2021,12-207
2022,12-207
2023,12-207
1986,12-209
1987,12-209
1988,12-209
1989,12-209
1991,12-209
1992,12-209
1993,12-209
1994,12-209
1995,12-209
1996,12-209
1997,12-209
1998,12-209
1999,12-209
2000,12-209
2002,12-209
2003,12-209
2004,12-209
2005,12-209
2007,12-209
2008,12-209
2009,12-209
2010,12-209
2011,12-209
2012,12-209
2013,12-209
2014,12-209
2015,12-209
2016,12-209
2017,12-209
2018,12-209
2019,12-209
2020,12-209
2021,12-209
2022,12-209
2023,12-209
1994,12-212
1995,12-212
1996,12-212
1997,12-212
1998,12-212
1999,12-212
2000,12-212
2001,12-212
2005,12-212
2006,12-212
2008,12-212
2009,12-212
2010,12-212
2011,12-212
2012,12-212
2013,12-212
2014,12-212
2015,12-212
2016,12-212
2017,12-212
2018,12-212
2019,12-212
2020,12-212
2021,12-212
2022,12-212
2023,12-212
1988,12-215
1989,12-215
1990,12-215
1991,12-215
1992,12-215
1994,12-215
1995,12-215
1996,12-215
1997,12-215
1998,12-215
1999,12-215
2000,12-215
2001,12-215
2002,12-215
2003,12-215
2004,12-215
2005,12-215
2006,12-215
2007,12-215
2008,12-215
2009,12-215
2010,12-215
2011,12-215
2012,12-215
2013,12-215
2014,12-215
2015,12-215
2016,12-215
2017,12-215
2018,12-215
2019,12-215
2020,12-215
2021,12-215
2022,12-215
2023,12-215
1984,12-70
1985,12-70
1986,12-70
1987,12-70
1988,12-70
1989,12-70
1990,12-70
1991,12-70
1992,12-70
1993,12-70
1994,12-70
1995,12-70
1996,12-70
1997,12-70
1998,12-70
1999,12-70
2000,12-70
2001,12-70
2002,12-70
2003,12-70
2004,12-70
2005,12-70
2006,12-70
2007,12-70
2008,12-70
2009,12-70
2010,12-70
2011,12-70
2012,12-70
2013,12-70
2014,12-70
2015,12-70
2016,12-70
2017,12-70
2018,12-70
2019,12-70
2020,12-70
2021,12-70
2022,12-70
2023,12-70
1988,121-20
1989,121-20
1990,121-20
1991,121-20
1994,121-20
1995,121-20
1996,121-20
1998,121-20
1999,121-20
2000,121-20
2001,121-20
2002,121-20
2003,121-20
2004,121-20
2005,121-20
2006,121-20
2007,121-20
2008,121-20
2009,121-20
2010,121-20
2011,121-20
2012,121-20
2013,121-20
2014,121-20
2015,121-20
2016,121-20
2017,121-20
2018,121-20
2019,121-20
2020,121-20
2021,121-20
2022,121-20
2023,121-20
1967,122-11
1970,122-11
1971,122-11
1972,122-11
1973,122-11
1974,122-11
1986,122-11
1987,122-11
1988,122-11
1989,122-11
1990,122-11
1991,122-11
1992,122-11
1993,122-11
1994,122-11
1995,122-11
1996,122-11
1997,122-11
1998,122-11
1999,122-11
2000,122-11
2001,122-11
2002,122-11
2003,122-11
2004,122-11
2005,122-11
2006,122-11
2007,122-11
2008,122-11
2009,122-11
2010,122-11
2011,122-11
2012,122-11
2014,122-11
2015,122-11
2016,122-11
2017,122-11
2018,122-11
2019,122-11
2020,122-11
2021,122-11
2022,122-11
2023,122-11
1973,122-17
1974,122-17
1975,122-17
1976,122-17
1977,122-17
1978,122-17
1979,122-17
1980,122-17
1981,122-17
1982,122-17
1983,122-17
1984,122-17
1985,122-17
1986,122-17
1987,122-17
1988,122-17
1989,122-17
1990,122-17
1991,122-17
1992,122-17
1993,122-17
1994,122-17
1995,122-17
1996,122-17
1997,122-17
1998,122-17
1999,122-17
2000,122-17
2007,122-17
2008,122-17
2009,122-17
2011,122-17
2012,122-17
2014,122-17
2015,122-17
2016,122-17
2017,122-17
2018,122-17
2019,122-17
2020,122-17
2021,122-17
2022,122-17
2023,122-17
1989,122-9
1990,122-9
1991,122-9
1995,122-9
1996,122-9
1997,122-9
1998,122-9
1999,122-9
2000,122-9
2001,122-9
2002,122-9
2003,122-9
2004,122-9
2005,122-9
2006,122-9
2007,122-9
2008,122-9
2009,122-9
2010,122-9
2011,122-9
2012,122-9
2013,122-9
2014,122-9
2015,122-9
2016,122-9
2017,122-9
2018,122-9
2019,122-9
2020,122-9
2021,122-9
2022,122-9
2023,122-9
1971,123-29
1973,123-29
1974,123-29
1975,123-29
1976,123-29
1977,123-29
1978,123-29
1979,123-29
1980,123-29
1981,123-29
1982,123-29
1983,123-29
1984,123-29
1985,123-29
1986,123-29
1987,123-29
1988,123-29
1989,123-29
1990,123-29
1991,123-29
1992,123-29
1993,123-29
1986,123-31
1987,123-31
1988,123-31
1989,123-31
1990,123-31
1991,123-31
1992,123-31
1993,123-31
1995,123-31
1996,123-31
1997,123-31
1998,123-31
1999,123-31
2000,123-31
2001,123-31
2002,123-31
2003,123-31
2004,123-31
2005,123-31
2006,123-31
2007,123-31
2008,123-31
2009,123-31
2010,123-31
2011,123-31
2012,123-31
2013,123-31
2014,123-31
2015,123-31
2016,123-31
2017,123-31
2018,123-31
2019,123-31
2020,123-31
2021,123-31
2022,123-31
2023,123-31
1992,124-15
1993,124-15
1995,124-15
1996,124-15
1997,124-15
1999,124-15
2000,124-15
2001,124-15
2003,124-15
2004,124-15
2007,124-15
2008,124-15
2009,124-15
2011,124-15
2012,124-15
2013,124-15
2014,124-15
2015,124-15
2016,124-15
2017,124-15
2018,124-15
2019,124-15
2020,124-15
2021,124-15
2022,124-15
1965,124-2
1967,124-2
1968,124-2
1970,124-2
1971,124-2
1972,124-2
1973,124-2
1975,124-2
1976,124-2
1978,124-2
1980,124-2
1981,124-2
1982,124-2
1983,124-2
1984,124-2
1985,124-2
1986,124-2
1987,124-2
1988,124-2
1989,124-2
1990,124-2
1992,124-2
1993,124-2
1994,124-2
1995,124-2
1996,124-2
1997,124-2
1998,124-2
1999,124-2
2000,124-2
2001,124-2
2002,124-2
2003,124-2
2004,124-2
2005,124-2
2006,124-2
2007,124-2
2008,124-2
2009,124-2
2010,124-2
2011,124-2
2012,124-2
2013,124-2
2015,124-2
2016,124-2
2017,124-2
2018,124-2
2019,124-2
2020,124-2
2021,124-2
2022,124-2
1981,127-11
1982,127-11
1983,127-11
1984,127-11
1985,127-11
1986,127-11
1987,127-11
1988,127-11
1989,127-11
1990,127-11
1991,127-11
1992,127-11
1993,127-11
1994,127-11
1995,127-11
1996,127-11
1997,127-11
1998,127-11
1999,127-11
2000,127-11
2001,127-11
2002,127-11
2003,127-11
2004,127-11
2005,127-11
2006,127-11
2007,127-11
2008,127-11
2009,127-11
2010,127-11
2011,127-11
2012,127-11
2013,127-11
2014,127-11
2015,127-11
2016,127-11
2017,127-11
2018,127-11
2019,127-11
2020,127-11
2021,127-11
2022,127-11
1973,127-13
1975,127-13
1976,127-13
1977,127-13
1978,127-13
1979,127-13
1980,127-13
1981,127-13
1982,127-13
1983,127-13
1985,127-13
1986,127-13
1987,127-13
1988,127-13
1989,127-13
1990,127-13
1992,127-13
1993,127-13
1994,127-13
1995,127-13
1997,127-13
1998,127-13
1999,127-13
2000,127-13
2001,127-13
2003,127-13
2004,127-13
2005,127-13
2007,127-13
2009,127-13
2010,127-13
2011,127-13
2012,127-13
2013,127-13
2014,127-13
2015,127-13
2016,127-13
2017,127-13
2018,127-13
2019,127-13
2020,127-13
2021,127-13
1989,127-6
1990,127-6
1991,127-6
1992,127-6
1993,127-6
1994,127-6
1995,127-6
1996,127-6
1997,127-6
1998,127-6
1999,127-6
2000,127-6
2001,127-6
2002,127-6
2003,127-6
2004,127-6
2005,127-6
2006,127-6
2007,127-6
2008,127-6
2009,127-6
2010,127-6
2011,127-6
2012,127-6
2013,127-6
2014,127-6
2015,127-6
2016,127-6
2017,127-6
2018,127-6
2019,127-6
2020,127-6
2021,127-6
2022,127-6
1989,128-9
1990,128-9
1991,128-9
1992,128-9
1993,128-9
1994,128-9
1995,128-9
1996,128-9
1997,128-9
1998,128-9
1999,128-9
2000,128-9
2001,128-9
2002,128-9
2003,128-9
2004,128-9
2005,128-9
2006,128-9
2007,128-9
2008,128-9
2009,128-9
2010,128-9
2011,128-9
2012,128-9
2013,128-9
2014,128-9
2015,128-9
2016,128-9
2017,128-9
2018,128-9
2019,128-9
2020,128-9
2021,128-9
2022,128-9
1970,133-7
1971,133-7
1972,133-7
1973,133-7
1974,133-7
1975,133-7
1976,133-7
1977,133-7
1978,133-7
1979,133-7
1980,133-7
1981,133-7
1982,133-7
1983,133-7
1985,133-7
1986,133-7
1987,133-7
1988,133-7
1990,133-7
1991,133-7
1992,133-7
1993,133-7
1994,133-7
1995,133-7
1996,133-7
1997,133-7
1998,133-7
1999,133-7
2000,133-7
2001,133-7
2002,133-7
2003,133-7
2004,133-7
2005,133-7
2006,133-7
2007,133-7
2008,133-7
2009,133-7
2010,133-7
2011,133-7
2012,133-7
2013,133-7
2014,133-7
2015,133-7
2016,133-7
2017,133-7
2018,133-7
2019,133-7
2020,133-7
2021,133-7
2022,133-7
1977,138-1
1978,138-1
1979,138-1
1980,138-1
1981,138-1
1982,138-1
1984,138-1
1987,138-1
1988,138-1
1989,138-1
1990,138-1
1991,138-1
1992,138-1
1993,138-1
1994,138-1
1995,138-1
1996,138-1
1997,138-1
1998,138-1
1999,138-1
2000,138-1
2001,138-1
2002,138-1
2003,138-1
2004,138-1
2005,138-1
2006,138-1
2007,138-1
2008,138-1
2009,138-1
2010,138-1
2011,138-1
2012,138-1
2013,138-1
2014,138-1
2015,138-1
2016,138-1
2017,138-1
2018,138-1
2019,138-1
2020,138-1
2021,138-1
2022,138-1
2023,138-1
1975,139-20
1976,139-20
1977,139-20
1978,139-20
1979,139-20
1980,139-20
1982,139-20
1983,139-20
1984,139-20
1985,139-20
1986,139-20
1987,139-20
1989,139-20
1990,139-20
1991,139-20
1992,139-20
1993,139-20
1994,139-20
1995,139-20
1997,139-20
1998,139-20
1999,139-20
2000,139-20
2001,139-20
2002,139-20
2003,139-20
2004,139-20
2005,139-20
2006,139-20
2007,139-20
2008,139-20
2009,139-20
2010,139-20
2011,139-20
2012,139-20
2013,139-20
2014,139-20
2015,139-20
2016,139-20
2017,139-20
2018,139-20
2019,139-20
2020,139-20
2021,139-20
2022,139-20
2023,139-20
1989,139-25
1990,139-25
1991,139-25
1992,139-25
1994,139-25
1995,139-25
1996,139-25
1997,139-25
1999,139-25
2000,139-25
2003,139-25
2004,139-25
2005,139-25
2006,139-25
2007,139-25
2008,139-25
2009,139-25
2010,139-25
2012,139-25
2015,139-25
2016,139-25
2017,139-25
2018,139-25
2019,139-25
2020,139-25
2021,139-25
2022,139-25
1990,139-35
1991,139-35
1992,139-35
1993,139-35
1994,139-35
1995,139-35
1996,139-35
1997,139-35
1998,139-35
1999,139-35
2000,139-35
2001,139-35
2002,139-35
2003,139-35
2004,139-35
2005,139-35
2006,139-35
2007,139-35
2008,139-35
2009,139-35
2010,139-35
2011,139-35
2012,139-35
2013,139-35
2014,139-35
2015,139-35
2016,139-35
2017,139-35
2018,139-35
2019,139-35
2020,139-35
2021,139-35
2022,139-35
2023,139-35
1990,140-2
1991,140-2
1992,140-2
1993,140-2
1994,140-2
1995,140-2
1996,140-2
1997,140-2
1998,140-2
1999,140-2
2000,140-2
2001,140-2
2002,140-2
2003,140-2
2004,140-2
2005,140-2
2006,140-2
2007,140-2
2008,140-2
2009,140-2
2010,140-2
2011,140-2
2012,140-2
2013,140-2
2015,140-2
2016,140-2
2017,140-2
2018,140-2
2019,140-2
2020,140-2
2021,140-2
2022,140-2
2023,140-2
1983,142-1
1984,142-1
1985,142-1
1986,142-1
1989,142-1
1990,142-1
1991,142-1
1992,142-1
1993,142-1
1994,142-1
1995,142-1
1996,142-1
1997,142-1
1998,142-1
1999,142-1
2000,142-1
2001,142-1
2002,142-1
2003,142-1
2004,142-1
2005,142-1
2006,142-1
2007,142-1
2008,142-1
2009,142-1
2010,142-1
2011,142-1
2012,142-1
2013,142-1
2014,142-1
2015,142-1
2016,142-1
2017,142-1
2018,142-1
2019,142-1
2020,142-1
2021,142-1
2022,142-1
2023,142-1
1974,148-2
1975,148-2
1976,148-2
1977,148-2
1978,148-2
1979,148-2
1980,148-2
1981,148-2
1982,148-2
1983,148-2
1984,148-2
1985,148-2
1986,148-2
1987,148-2
1988,148-2
1989,148-2
1990,148-2
1991,148-2
1992,148-2
1999,148-2
2000,148-2
2001,148-2
2002,148-2
2003,148-2
2004,148-2
2005,148-2
2006,148-2
2007,148-2
2008,148-2
2009,148-2
2010,148-2
2011,148-2
2012,148-2
2013,148-2
2014,148-2
2015,148-2
2016,148-2
2017,148-2
2018,148-2
2019,148-2
2020,148-2
2021,148-2
2022,148-2
2023,148-2
1994,15-21
1995,15-21
1996,15-21
1997,15-21
1998,15-21
1999,15-21
2000,15-21
2001,15-21
2002,15-21
2003,15-21
2004,15-21
2005,15-21
2006,15-21
2007,15-21
2008,15-21
2009,15-21
2010,15-21
2011,15-21
2012,15-21
2013,15-21
2014,15-21
2015,15-21
2016,15-21
2017,15-21
2018,15-21
2019,15-21
2020,15-21
2021,15-21
2022,15-21
2023,15-21
1963,15-49
1964,15-49
1965,15-49
1966,15-49
1967,15-49
1968,15-49
1969,15-49
1972,15-49
1975,15-49
1977,15-49
1978,15-49
1979,15-49
1980,15-49
1981,15-49
1983,15-49
1984,15-49
1985,15-49
1986,15-49
1987,15-49
1988,15-49
1989,15-49
1990,15-49
1991,15-49
1998,15-49
1999,15-49
2000,15-49
2007,15-49
2008,15-49
2009,15-49
2010,15-49
2011,15-49
2012,15-49
2013,15-49
2014,15-49
2015,15-49
2016,15-49
2017,15-49
2018,15-49
2019,15-49
2020,15-49
2021,15-49
2022,15-49
2023,15-49
1967,15-53
1970,15-53
1971,15-53
1972,15-53
1976,15-53
1978,15-53
1979,15-53
1980,15-53
1981,15-53
1982,15-53
1983,15-53
1984,15-53
1985,15-53
1986,15-53
1987,15-53
1988,15-53
1989,15-53
1990,15-53
1991,15-53
1992,15-53
1993,15-53
1994,15-53
1995,15-53
1996,15-53
1997,15-53
1998,15-53
1999,15-53
2000,15-53
2004,15-53
2005,15-53
2006,15-53
2007,15-53
2008,15-53
2009,15-53
2010,15-53
2011,15-53
2012,15-53
2013,15-53
2014,15-53
2015,15-53
2016,15-53
2017,15-53
2018,15-53
2019,15-53
2020,15-53
2021,15-53
2022,15-53
2023,15-53
1989,15-79
1991,15-79
1992,15-79
1994,15-79
1998,15-79
1999,15-79
2000,15-79
2001,15-79
2002,15-79
2003,15-79
2005,15-79
2006,15-79
2007,15-79
2008,15-79
2009,15-79
2010,15-79
2011,15-79
2012,15-79
2013,15-79
2014,15-79
2015,15-79
2016,15-79
2017,15-79
2018,15-79
2019,15-79
2020,15-79
2021,15-79
2022,15-79
2023,15-79
1953,150-1
1954,150-1
1955,150-1
1956,150-1
1957,150-1
1958,150-1
1960,150-1
1961,150-1
1962,150-1
1963,150-1
1964,150-1
1965,150-1
1968,150-1
1969,150-1
1970,150-1
1972,150-1
1977,150-1
1978,150-1
1979,150-1
1980,150-1
1981,150-1
1983,150-1
1984,150-1
1989,150-1
1990,150-1
1991,150-1
1992,150-1
1993,150-1
1994,150-1
1995,150-1
1996,150-1
1997,150-1
1998,150-1
1999,150-1
2000,150-1
2001,150-1
2002,150-1
2004,150-1
2005,150-1
2006,150-1
2007,150-1
2008,150-1
2009,150-1
2010,150-1
2011,150-1
2012,150-1
2014,150-1
2015,150-1
2016,150-1
2017,150-1
2018,150-1
2019,150-1
2020,150-1
2021,150-1
2022,150-1
2023,150-1
1972,151-15
1973,151-15
1974,151-15
1975,151-15
1977,151-15
1982,151-15
1983,151-15
1984,151-15
1989,151-15
1990,151-15
1991,151-15
1992,151-15
1993,151-15
1994,151-15
1995,151-15
1996,151-15
1997,151-15
1998,151-15
1999,151-15
2000,151-15
2001,151-15
2002,151-15
2003,151-15
2004,151-15
2005,151-15
2006,151-15
2007,151-15
2008,151-15
2009,151-15
2010,151-15
2011,151-15
2012,151-15
2013,151-15
2014,151-15
2015,151-15
2016,151-15
2017,151-15
2018,151-15
2019,151-15
2020,151-15
2021,151-15
2022,151-15
2023,151-15
1989,151-21
1990,151-21
1991,151-21
1993,151-21
1994,151-21
1995,151-21
1996,151-21
1997,151-21
1998,151-21
1999,151-21
2000,151-21
2003,151-21
2004,151-21
2005,151-21
2006,151-21
2007,151-21
2008,151-21
2009,151-21
2010,151-21
2011,151-21
2012,151-21
2013,151-21
2014,151-21
2015,151-21
2016,151-21
2017,151-21
2018,151-21
2022,151-21
2023,151-21
1989,151-28
1990,151-28
1991,151-28
1992,151-28
1993,151-28
1994,151-28
1995,151-28
1996,151-28
1997,151-28
1998,151-28
1999,151-28
2000,151-28
2001,151-28
2002,151-28
2003,151-28
2004,151-28
2005,151-28
2006,151-28
2007,151-28
2008,151-28
2009,151-28
2011,151-28
2012,151-28
2014,151-28
2015,151-28
2016,151-28
2017,151-28
2018,151-28
2019,151-28
2020,151-28
2021,151-28
2022,151-28
2023,151-28
1975,152-4
1976,152-4
1977,152-4
1978,152-4
1979,152-4
1980,152-4
1989,152-4
1992,152-4
1993,152-4
1994,152-4
1995,152-4
1996,152-4
1997,152-4
1998,152-4
1999,152-4
2000,152-4
2001,152-4
2002,152-4
2003,152-4
2004,152-4
2005,152-4
2006,152-4
2007,152-4
2008,152-4
2009,152-4
2010,152-4
2011,152-4
2012,152-4
2013,152-4
2014,152-4
2015,152-4
2016,152-4
2017,152-4
2018,152-4
2019,152-4
2020,152-4
2021,152-4
2022,152-4
2023,152-4
1972,153-1
1973,153-1
1974,153-1
1975,153-1
1976,153-1
1978,153-1
1979,153-1
1980,153-1
1981,153-1
1982,153-1
1983,153-1
1984,153-1
1986,153-1
1987,153-1
1988,153-1
1989,153-1
1990,153-1
1991,153-1
1992,153-1
1993,153-1
1994,153-1
1995,153-1
1996,153-1
1997,153-1
1998,153-1
2000,153-1
2001,153-1
2002,153-1
2003,153-1
2004,153-1
2005,153-1
2006,153-1
2007,153-1
2008,153-1
2009,153-1
2010,153-1
2011,153-1
2012,153-1
2013,153-1
2014,153-1
2015,153-1
2016,153-1
2017,153-1
2018,153-1
2019,153-1
2020,153-1
2021,153-1
2022,153-1
2023,153-1
1993,155-27
1994,155-27
1995,155-27
1996,155-27
1997,155-27
1998,155-27
1999,155-27
2001,155-27
2002,155-27
2003,155-27
2004,155-27
2005,155-27
2006,155-27
2007,155-27
2008,155-27
2009,155-27
2010,155-27
2011,155-27
2012,155-27
2014,155-27
2015,155-27
2018,155-27
2021,155-27
2022,155-27
2023,155-27
1998,156-10
1999,156-10
2000,156-10
2001,156-10
2002,156-10
2003,156-10
2004,156-10
2005,156-10
2006,156-10
2007,156-10
2008,156-10
2010,156-10
2011,156-10
2012,156-10
2013,156-10
2014,156-10
2015,156-10
2016,156-10
2017,156-10
2018,156-10
2019,156-10
2020,156-10
2021,156-10
2022,156-10
2023,156-10
1987,156-13
1988,156-13
1989,156-13
1990,156-13
1991,156-13
1992,156-13
1993,156-13
1994,156-13
1995,156-13
1996,156-13
1997,156-13
1998,156-13
1999,156-13
2000,156-13
2001,156-13
2002,156-13
2003,156-13
2004,156-13
2005,156-13
2006,156-13
2007,156-13
2008,156-13
2009,156-13
2010,156-13
2013,156-13
2014,156-13
2015,156-13
2016,156-13
2017,156-13
2018,156-13
2019,156-13
2020,156-13
2021,156-13
2022,156-13
2023,156-13
1994,156-17
1995,156-17
1996,156-17
1997,156-17
1998,156-17
1999,156-17
2000,156-17
2002,156-17
2004,156-17
2006,156-17
2007,156-17
2008,156-17
2009,156-17
2010,156-17
2013,156-17
2014,156-17
2015,156-17
2016,156-17
2017,156-17
2018,156-17
2019,156-17
2020,156-17
1973,156-24
1976,156-24
1980,156-24
1988,156-24
1989,156-24
1992,156-24
1993,156-24
1994,156-24
1995,156-24
1996,156-24
1997,156-24
1998,156-24
1999,156-24
2000,156-24
2001,156-24
2002,156-24
2003,156-24
2004,156-24
2005,156-24
2006,156-24
2007,156-24
2008,156-24
2009,156-24
2011,156-24
2012,156-24
2013,156-24
2014,156-24
2015,156-24
2016,156-24
2017,156-24
2018,156-24
2019,156-24
2020,156-24
2021,156-24
2022,156-24
1974,156-27
1975,156-27
1977,156-27
1978,156-27
1979,156-27
1980,156-27
1982,156-27
1983,156-27
1984,156-27
1987,156-27
1988,156-27
1990,156-27
1991,156-27
1992,156-27
1993,156-27
1994,156-27
1995,156-27
1996,156-27
1997,156-27
2001,156-27
2004,156-27
2006,156-27
2008,156-27
2009,156-27
2010,156-27
2011,156-27
2012,156-27
2013,156-27
2014,156-27
2015,156-27
2016,156-27
2017,156-27
2018,156-27
2019,156-27
2020,156-27
2021,156-27
2022,156-27
1968,156-8
1969,156-8
1989,156-8
1991,156-8
1992,156-8
1994,156-8
1995,156-8
1997,156-8
1999,156-8
2000,156-8
2001,156-8
2002,156-8
2003,156-8
2004,156-8
2005,156-8
2006,156-8
2007,156-8
2008,156-8
2010,156-8
2011,156-8
2012,156-8
2013,156-8
2014,156-8
2015,156-8
2016,156-8
2017,156-8
2018,156-8
2019,156-8
2020,156-8
2021,156-8
2022,156-8
1989,157-3
1990,157-3
1991,157-3
1992,157-3
1994,157-3
1995,157-3
1997,157-3
1998,157-3
1999,157-3
2000,157-3
2001,157-3
2002,157-3
2003,157-3
2004,157-3
2005,157-3
2006,157-3
2007,157-3
2008,157-3
2009,157-3
2010,157-3
2011,157-3
2012,157-3
2013,157-3
2014,157-3
2015,157-3
2016,157-3
2017,157-3
2018,157-3
2019,157-3
2020,157-3
2021,157-3
2022,157-3
1974,159-3
1975,159-3
1977,159-3
1978,159-3
1979,159-3
1980,159-3
1983,159-3
1984,159-3
1985,159-3
1986,159-3
1989,159-3
1990,159-3
1991,159-3
1992,159-3
1993,159-3
1994,159-3
1995,159-3
1996,159-3
1997,159-3
1998,159-3
1999,159-3
2000,159-3
2001,159-3
2002,159-3
2003,159-3
2004,159-3
2005,159-3
2006,159-3
2007,159-3
2010,159-3
2011,159-3
2012,159-3
2013,159-3
2014,159-3
2015,159-3
2016,159-3
2017,159-3
2018,159-3
2019,159-3
2020,159-3
2021,159-3
2022,159-3
2023,159-3
1973,16-122
1974,16-122
1975,16-122
1977,16-122
1978,16-122
1979,16-122
1980,16-122
1981,16-122
1982,16-122
1983,16-122
1984,16-122
1985,16-122
1986,16-122
1987,16-122
1988,16-122
1989,16-122
1990,16-122
1991,16-122
1992,16-122
1993,16-122
1994,16-122
1995,16-122
1997,16-122
1998,16-122
1999,16-122
2000,16-122
2002,16-122
2003,16-122
2004,16-122
2006,16-122
2007,16-122
2008,16-122
2009,16-122
2010,16-122
2011,16-122
2012,16-122
2013,16-122
2014,16-122
2015,16-122
2016,16-122
2017,16-122
2018,16-122
2019,16-122
2020,16-122
2021,16-122
2022,16-122
2023,16-122
1982,16-127
1983,16-127
1988,16-127
1989,16-127
1990,16-127
1991,16-127
1992,16-127
2000,16-127
2001,16-127
2003,16-127
2004,16-127
2005,16-127
2006,16-127
2007,16-127
2008,16-127
2009,16-127
2010,16-127
2012,16-127
2013,16-127
2014,16-127
2015,16-127
2016,16-127
2017,16-127
2018,16-127
2019,16-127
2020,16-127
2021,16-127
2022,16-127
2023,16-127
1982,16-132
1983,16-132
1986,16-132
1987,16-132
1988,16-132
1989,16-132
1990,16-132
1991,16-132
1992,16-132
1993,16-132
1994,16-132
1995,16-132
1997,16-132
1998,16-132
1999,16-132
2000,16-132
2007,16-132
2008,16-132
2009,16-132
2010,16-132
2011,16-132
2012,16-132
2013,16-132
2014,16-132
2015,16-132
2016,16-132
2017,16-132
2018,16-132
2019,16-132
2020,16-132
1996,16-140
1997,16-140
2001,16-140
2002,16-140
2004,16-140
2005,16-140
2006,16-140
2007,16-140
2010,16-140
2011,16-140
2012,16-140
2013,16-140
2014,16-140
2015,16-140
2016,16-140
2017,16-140
2018,16-140
2019,16-140
2020,16-140
2021,16-140
2022,16-140
2023,16-140
1992,16-189
1993,16-189
1994,16-189
1995,16-189
1996,16-189
1997,16-189
1998,16-189
1999,16-189
2001,16-189
2002,16-189
2003,16-189
2004,16-189
2005,16-189
2007,16-189
2008,16-189
2009,16-189
2010,16-189
2011,16-189
2012,16-189
2013,16-189
2014,16-189
2015,16-189
2016,16-189
2017,16-189
2018,16-189
2019,16-189
2020,16-189
2021,16-189
2022,16-189
2023,16-189
1985,16-193
1986,16-193
1987,16-193
1988,16-193
1989,16-193
1995,16-193
2000,16-193
2003,16-193
2004,16-193
2005,16-193
2006,16-193
2007,16-193
2008,16-193
2009,16-193
2010,16-193
2011,16-193
2012,16-193
2013,16-193
2014,16-193
2015,16-193
2016,16-193
2017,16-193
2018,16-193
2019,16-193
2020,16-193
2021,16-193
2022,16-193
2023,16-193
1991,16-194
1992,16-194
1993,16-194
1994,16-194
1995,16-194
1996,16-194
1997,16-194
1998,16-194
2002,16-194
2003,16-194
2004,16-194
2005,16-194
2006,16-194
2007,16-194
2008,16-194
2009,16-194
2010,16-194
2011,16-194
2012,16-194
2013,16-194
2014,16-194
2015,16-194
2016,16-194
2017,16-194
2018,16-194
2019,16-194
2020,16-194
2021,16-194
2022,16-194
2023,16-194
1953,16-66
1954,16-66
1955,16-66
1956,16-66
1958,16-66
1959,16-66
1960,16-66
1961,16-66
1962,16-66
1975,16-66
1976,16-66
1977,16-66
1978,16-66
1979,16-66
1980,16-66
1985,16-66
1986,16-66
1987,16-66
1988,16-66
1989,16-66
1990,16-66
1991,16-66
1992,16-66
1993,16-66
1994,16-66
1997,16-66
1998,16-66
1999,16-66
2000,16-66
2001,16-66
2002,16-66
2003,16-66
2004,16-66
2005,16-66
2007,16-66
2008,16-66
2009,16-66
2010,16-66
2011,16-66
2012,16-66
2013,16-66
2014,16-66
2015,16-66
2016,16-66
2017,16-66
2018,16-66
2019,16-66
2020,16-66
2021,16-66
2022,16-66
2023,16-66
1985,16-75
1987,16-75
1988,16-75
1989,16-75
1990,16-75
1991,16-75
1992,16-75
1993,16-75
1994,16-75
1995,16-75
1997,16-75
1998,16-75
1999,16-75
2000,16-75
2001,16-75
2002,16-75
2003,16-75
2004,16-75
2005,16-75
2006,16-75
2007,16-75
2008,16-75
2009,16-75
2010,16-75
2012,16-75
2013,16-75
2014,16-75
2015,16-75
2016,16-75
2017,16-75
2018,16-75
2019,16-75
2020,16-75
2021,16-75
2022,16-75
2023,16-75
1974,161-7
1975,161-7
1976,161-7
1981,161-7
1983,161-7
1986,161-7
1988,161-7
1989,161-7
1990,161-7
1991,161-7
1992,161-7
1993,161-7
1997,161-7
1998,161-7
1999,161-7
2000,161-7
2002,161-7
2004,161-7
2005,161-7
2008,161-7
2011,161-7
2012,161-7
2013,161-7
2014,161-7
2015,161-7
2016,161-7
2017,161-7
2018,161-7
2019,161-7
2020,161-7
2021,161-7
2022,161-7
2023,161-7
1989,162-3
1990,162-3
1991,162-3
1992,162-3
1993,162-3
1994,162-3
1995,162-3
1996,162-3
1997,162-3
1998,162-3
2000,162-3
2001,162-3
2002,162-3
2003,162-3
2004,162-3
2005,162-3
2006,162-3
2007,162-3
2008,162-3
2009,162-3
2010,162-3
2011,162-3
2012,162-3
2013,162-3
2014,162-3
2015,162-3
2016,162-3
2017,162-3
2018,162-3
2019,162-3
2020,162-3
2021,162-3
2022,162-3
2023,162-3
1989,163-5
1990,163-5
1991,163-5
1992,163-5
1993,163-5
1994,163-5
1995,163-5
1997,163-5
1998,163-5
1999,163-5
2000,163-5
2001,163-5
2003,163-5
2004,163-5
2005,163-5
2006,163-5
2007,163-5
2008,163-5
2009,163-5
2010,163-5
2011,163-5
2012,163-5
2013,163-5
2014,163-5
2015,163-5
2016,163-5
2017,163-5
2018,163-5
2019,163-5
2020,163-5
2021,163-5
2022,163-5
2023,163-5
1964,163-6
1969,163-6
1970,163-6
1971,163-6
1972,163-6
1973,163-6
1974,163-6
1975,163-6
1976,163-6
1977,163-6
1978,163-6
1979,163-6
1980,163-6
1981,163-6
1986,163-6
1987,163-6
1988,163-6
1991,163-6
1992,163-6
1993,163-6
1994,163-6
1995,163-6
1996,163-6
1997,163-6
1998,163-6
1999,163-6
2000,163-6
2001,163-6
2002,163-6
2003,163-6
2004,163-6
2005,163-6
2006,163-6
2008,163-6
2009,163-6
2010,163-6
2011,163-6
2012,163-6
2014,163-6
2015,163-6
2016,163-6
2017,163-6
2018,163-6
2019,163-6
2020,163-6
2021,163-6
2022,163-6
2023,163-6
1970,163-7
1973,163-7
1975,163-7
1976,163-7
1982,163-7
1983,163-7
1984,163-7
1986,163-7
1987,163-7
1990,163-7
1994,163-7
1995,163-7
1996,163-7
1997,163-7
1998,163-7
1999,163-7
2000,163-7
2001,163-7
2002,163-7
2003,163-7
2004,163-7
2006,163-7
2007,163-7
2008,163-7
2009,163-7
2010,163-7
2011,163-7
2012,163-7
2013,163-7
2014,163-7
2015,163-7
2016,163-7
2017,163-7
2019,163-7
2020,163-7
2021,163-7
2023,163-7
1988,166-1
1989,166-1
1990,166-1
1991,166-1
1992,166-1
1993,166-1
1994,166-1
1995,166-1
1996,166-1
1997,166-1
1998,166-1
1999,166-1
2000,166-1
2001,166-1
2002,166-1
2003,166-1
2004,166-1
2005,166-1
2006,166-1
2007,166-1
2008,166-1
2009,166-1
2010,166-1
2011,166-1
2012,166-1
2013,166-1
2014,166-1
2015,166-1
2016,166-1
2017,166-1
2018,166-1
2019,166-1
2020,166-1
2021,166-1
2022,166-1
2023,166-1
1988,166-13
1989,166-13
1990,166-13
1991,166-13
1992,166-13
1994,166-13
1995,166-13
1996,166-13
1997,166-13
1998,166-13
1999,166-13
2000,166-13
2001,166-13
2002,166-13
2003,166-13
2004,166-13
2005,166-13
2006,166-13
2007,166-13
2008,166-13
2009,166-13
2010,166-13
2011,166-13
2012,166-13
2013,166-13
2014,166-13
2015,166-13
2016,166-13
2017,166-13
2018,166-13
2019,166-13
2020,166-13
2021,166-13
2022,166-13
1960,168-1
1964,168-1
1965,168-1
1966,168-1
1967,168-1
1968,168-1
1969,168-1
1970,168-1
1971,168-1
1972,168-1
1973,168-1
1974,168-1
1975,168-1
1976,168-1
1977,168-1
1978,168-1
1979,168-1
1981,168-1
1982,168-1
1983,168-1
1984,168-1
1989,168-1
1990,168-1
2008,168-1
2009,168-1
2010,168-1
2012,168-1
2013,168-1
2014,168-1
2015,168-1
2016,168-1
2017,168-1
2018,168-1
2019,168-1
2020,168-1
2021,168-1
2022,168-1
2023,168-1
1986,168-2
1989,168-2
1990,168-2
1991,168-2
1992,168-2
1993,168-2
1994,168-2
1997,168-2
1998,168-2
1999,168-2
2000,168-2
2001,168-2
2002,168-2
2003,168-2
2005,168-2
2006,168-2
2007,168-2
2008,168-2
2009,168-2
2010,168-2
2011,168-2
2012,168-2
2013,168-2
2014,168-2
2015,168-2
2016,168-2
2017,168-2
2018,168-2
2019,168-2
2020,168-2
2021,168-2
2022,168-2
1995,174-11
1997,174-11
2000,174-11
2002,174-11
2003,174-11
2004,174-11
2005,174-11
2006,174-11
2007,174-11
2008,174-11
2009,174-11
2011,174-11
2012,174-11
2013,174-11
2014,174-11
2015,174-11
2016,174-11
2017,174-11
2019,174-11
2020,174-11
2021,174-11
2022,174-11
2023,174-11
1982,174-3
1983,174-3
1984,174-3
1988,174-3
1989,174-3
1990,174-3
1991,174-3
1992,174-3
1993,174-3
1997,174-3
1998,174-3
1999,174-3
2000,174-3
2001,174-3
2002,174-3
2004,174-3
2005,174-3
2009,174-3
2010,174-3
2011,174-3
2012,174-3
2013,174-3
2014,174-3
2015,174-3
2016,174-3
2017,174-3
2018,174-3
2019,174-3
2020,174-3
2021,174-3
2022,174-3
2023,174-3
1980,177-4
1982,177-4
1983,177-4
1989,177-4
1990,177-4
1991,177-4
1992,177-4
1993,177-4
1994,177-4
1995,177-4
1996,177-4
1998,177-4
1999,177-4
2000,177-4
2001,177-4
2002,177-4
2004,177-4
2005,177-4
2006,177-4
2007,177-4
2008,177-4
2009,177-4
2010,177-4
2011,177-4
2012,177-4
2013,177-4
2014,177-4
2015,177-4
2016,177-4
2017,177-4
2018,177-4
2019,177-4
2020,177-4
2021,177-4
2022,177-4
2023,177-4
1979,178-1
1981,178-1
1982,178-1
1983,178-1
1984,178-1
1985,178-1
1986,178-1
1987,178-1
1988,178-1
1989,178-1
1990,178-1
1991,178-1
1992,178-1
1993,178-1
1994,178-1
1995,178-1
1996,178-1
1997,178-1
1998,178-1
1999,178-1
2000,178-1
2001,178-1
2002,178-1
2003,178-1
2004,178-1
2005,178-1
2006,178-1
2007,178-1
2008,178-1
2009,178-1
2010,178-1
2011,178-1
2012,178-1
2013,178-1
2014,178-1
2015,178-1
2016,178-1
2017,178-1
2018,178-1
2019,178-1
2020,178-1
2021,178-1
2022,178-1
2023,178-1
1985,18-10
1986,18-10
1987,18-10
1988,18-10
1989,18-10
1990,18-10
1992,18-10
1995,18-10
1996,18-10
1997,18-10
1998,18-10
1999,18-10
2000,18-10
2001,18-10
2002,18-10
2003,18-10
2004,18-10
2005,18-10
2006,18-10
2007,18-10
2008,18-10
2009,18-10
2010,18-10
2011,18-10
2012,18-10
2013,18-10
2014,18-10
2015,18-10
2016,18-10
2017,18-10
2018,18-10
2019,18-10
2020,18-10
2021,18-10
2022,18-10
2023,18-10
1982,18-11
1983,18-11
1984,18-11
1985,18-11
1986,18-11
1987,18-11
1989,18-11
1990,18-11
1991,18-11
1992,18-11
1993,18-11
1994,18-11
1995,18-11
1996,18-11
1997,18-11
1998,18-11
1999,18-11
2000,18-11
2001,18-11
2002,18-11
2003,18-11
2004,18-11
2005,18-11
2006,18-11
2007,18-11
2008,18-11
2009,18-11
2010,18-11
2011,18-11
2012,18-11
2013,18-11
2014,18-11
2015,18-11
2016,18-11
2017,18-11
2018,18-11
2019,18-11
2020,18-11
2021,18-11
2022,18-11
2023,18-11
1990,180-1
1991,180-1
1994,180-1
1995,180-1
1999,180-1
2000,180-1
2001,180-1
2002,180-1
2003,180-1
2004,180-1
2005,180-1
2006,180-1
2007,180-1
2008,180-1
2009,180-1
2010,180-1
2011,180-1
2012,180-1
2013,180-1
2014,180-1
2015,180-1
2016,180-1
2017,180-1
2018,180-1
2019,180-1
2020,180-1
2021,180-1
2022,180-1
2023,180-1
1978,185-1
1979,185-1
1980,185-1
1981,185-1
1982,185-1
1983,185-1
1984,185-1
1986,185-1
1987,185-1
1988,185-1
1989,185-1
1990,185-1
1992,185-1
1993,185-1
1996,185-1
1997,185-1
1998,185-1
1999,185-1
2000,185-1
2001,185-1
2002,185-1
2003,185-1
2004,185-1
2005,185-1
2006,185-1
2007,185-1
2010,185-1
2011,185-1
2012,185-1
2013,185-1
2014,185-1
2015,185-1
2016,185-1
2017,185-1
2018,185-1
2019,185-1
2020,185-1
2021,185-1
2022,185-1
2023,185-1
1989,189-3
1993,189-3
1995,189-3
1996,189-3
1997,189-3
1999,189-3
2000,189-3
2001,189-3
2002,189-3
2003,189-3
2004,189-3
2005,189-3
2006,189-3
2007,189-3
2008,189-3
2009,189-3
2010,189-3
2012,189-3
2013,189-3
2015,189-3
2016,189-3
2017,189-3
2018,189-3
2019,189-3
2020,189-3
2021,189-3
2022,189-3
2023,189-3
1981,19-104
1982,19-104
1983,19-104
1984,19-104
1985,19-104
1986,19-104
1987,19-104
1988,19-104
1989,19-104
1990,19-104
1991,19-104
1992,19-104
1993,19-104
1994,19-104
1995,19-104
1996,19-104
1997,19-104
1998,19-104
1999,19-104
2000,19-104
2001,19-104
2002,19-104
2003,19-104
2004,19-104
2005,19-104
2006,19-104
2007,19-104
2008,19-104
2009,19-104
2010,19-104
2011,19-104
2012,19-104
2013,19-104
2014,19-104
2015,19-104
2016,19-104
2017,19-104
2018,19-104
2019,19-104
2020,19-104
2021,19-104
2022,19-104
2023,19-104
1986,19-107
1998,19-107
1999,19-107
2000,19-107
2001,19-107
2003,19-107
2005,19-107
2006,19-107
2008,19-107
2009,19-107
2010,19-107
2011,19-107
2012,19-107
2013,19-107
2014,19-107
2015,19-107
2016,19-107
2017,19-107
2018,19-107
2019,19-107
2020,19-107
2021,19-107
2022,19-107
2023,19-107
1968,19-73
1969,19-73
1970,19-73
1971,19-73
1972,19-73
1973,19-73
1974,19-73
1975,19-73
1979,19-73
1981,19-73
1982,19-73
1983,19-73
1984,19-73
1987,19-73
1988,19-73
1989,19-73
1990,19-73
1991,19-73
1993,19-73
1994,19-73
1997,19-73
1998,19-73
1999,19-73
2000,19-73
2001,19-73
2002,19-73
2003,19-73
2004,19-73
2005,19-73
2006,19-73
2008,19-73
2009,19-73
2011,19-73
2012,19-73
2013,19-73
2014,19-73
2015,19-73
2016,19-73
2017,19-73
2018,19-73
2019,19-73
2020,19-73
2021,19-73
2022,19-73
2023,19-73
1971,19-79
1972,19-79
1973,19-79
1974,19-79
1975,19-79
1976,19-79
1977,19-79
1978,19-79
1980,19-79
1985,19-79
1986,19-79
1987,19-79
1988,19-79
1989,19-79
1990,19-79
1991,19-79
1992,19-79
1993,19-79
1994,19-79
1995,19-79
1997,19-79
1998,19-79
1999,19-79
2001,19-79
2002,19-79
2003,19-79
2004,19-79
2005,19-79
2006,19-79
2007,19-79
2008,19-79
2009,19-79
2010,19-79
2011,19-79
2012,19-79
2013,19-79
2014,19-79
2015,19-79
2016,19-79
2017,19-79
2018,19-79
2019,19-79
2020,19-79
2021,19-79
2022,19-79
2023,19-79
1972,19-80
1973,19-80
1974,19-80
1975,19-80
1976,19-80
1977,19-80
1978,19-80
1979,19-80
1980,19-80
1981,19-80
1985,19-80
1986,19-80
1987,19-80
1988,19-80
1989,19-80
1991,19-80
1992,19-80
1993,19-80
1995,19-80
1996,19-80
1997,19-80
1998,19-80
1999,19-80
2001,19-80
2002,19-80
2003,19-80
2004,19-80
2005,19-80
2006,19-80
2007,19-80
2008,19-80
2010,19-80
2011,19-80
2012,19-80
2013,19-80
2014,19-80
2015,19-80
2016,19-80
2017,19-80
2018,19-80
2019,19-80
2020,19-80
2021,19-80
2022,19-80
2023,19-80
1973,19-82
1974,19-82
1975,19-82
1976,19-82
1977,19-82
1978,19-82
1979,19-82
1980,19-82
1985,19-82
1986,19-82
1988,19-82
1989,19-82
1990,19-82
1993,19-82
1995,19-82
1997,19-82
1998,19-82
1999,19-82
2000,19-82
2001,19-82
2002,19-82
2003,19-82
2004,19-82
2005,19-82
2006,19-82
2007,19-82
2008,19-82
2009,19-82
2010,19-82
2011,19-82
2012,19-82
2013,19-82
2014,19-82
2015,19-82
2016,19-82
2017,19-82
2018,19-82
2019,19-82
2020,19-82
2021,19-82
2022,19-82
2023,19-82
1975,19-96
1976,19-96
1978,19-96
1982,19-96
1983,19-96
1984,19-96
1985,19-96
1986,19-96
1987,19-96
1988,19-96
1990,19-96
1991,19-96
1992,19-96
1993,19-96
1994,19-96
1995,19-96
1997,19-96
1998,19-96
1999,19-96
2000,19-96
2002,19-96
2003,19-96
2004,19-96
2005,19-96
2007,19-96
2008,19-96
2009,19-96
2010,19-96
2011,19-96
2012,19-96
2013,19-96
2014,19-96
2015,19-96
2016,19-96
2017,19-96
2018,19-96
2019,19-96
2020,19-96
2021,19-96
2022,19-96
2023,19-96
1989,191-2
1990,191-2
1991,191-2
1992,191-2
1993,191-2
1994,191-2
1995,191-2
1996,191-2
1997,191-2
1998,191-2
1999,191-2
2000,191-2
2001,191-2
2002,191-2
2003,191-2
2004,191-2
2005,191-2
2006,191-2
2007,191-2
2008,191-2
2009,191-2
2010,191-2
2011,191-2
2012,191-2
2013,191-2
2014,191-2
2015,191-2
2016,191-2
2017,191-2
2018,191-2
2019,191-2
2020,191-2
2021,191-2
2022,191-2
2023,191-2
1989,196-11
1990,196-11
1991,196-11
1992,196-11
1993,196-11
1994,196-11
1995,196-11
1996,196-11
1997,196-11
1999,196-11
2000,196-11
2001,196-11
2002,196-11
2004,196-11
2005,196-11
2006,196-11
2007,196-11
2008,196-11
2009,196-11
2010,196-11
2011,196-11
2012,196-11
2013,196-11
2014,196-11
2015,196-11
2016,196-11
2017,196-11
2018,196-11
2019,196-11
2020,196-11
2021,196-11
2022,196-11
2023,196-11
1978,196-12
1980,196-12
1981,196-12
1983,196-12
1985,196-12
1986,196-12
1989,196-12
1990,196-12
1991,196-12
1992,196-12
1993,196-12
1994,196-12
1995,196-12
1996,196-12
1997,196-12
1998,196-12
1999,196-12
2002,196-12
2003,196-12
2004,196-12
2005,196-12
2006,196-12
2008,196-12
2009,196-12
2010,196-12
2011,196-12
2012,196-12
2013,196-12
2014,196-12
2015,196-12
2016,196-12
2017,196-12
2018,196-12
2019,196-12
2020,196-12
2021,196-12
2022,196-12
2023,196-12
1978,196-7
1979,196-7
1980,196-7
1982,196-7
1983,196-7
1984,196-7
1985,196-7
1987,196-7
1988,196-7
1989,196-7
1990,196-7
1991,196-7
1994,196-7
1995,196-7
1996,196-7
1997,196-7
1999,196-7
2000,196-7
2001,196-7
2002,196-7
2003,196-7
2005,196-7
2006,196-7
2007,196-7
2008,196-7
2009,196-7
2010,196-7
2011,196-7
2012,196-7
2013,196-7
2014,196-7
2015,196-7
2016,196-7
2017,196-7
2019,196-7
2020,196-7
2021,196-7
2022,196-7
2023,196-7
1987,2-11
1988,2-11
1989,2-11
1990,2-11
1991,2-11
1992,2-11
1997,2-11
1998,2-11
1999,2-11
2000,2-11
2005,2-11
2006,2-11
2007,2-11
2008,2-11
2009,2-11
2010,2-11
2011,2-11
2012,2-11
2013,2-11
2014,2-11
2015,2-11
2016,2-11
2017,2-11
2018,2-11
2019,2-11
2020,2-11
2021,2-11
2022,2-11
2023,2-11
1986,2-13
1987,2-13
1988,2-13
1989,2-13
1990,2-13
1991,2-13
1992,2-13
1993,2-13
1994,2-13
1996,2-13
1997,2-13
1998,2-13
1999,2-13
2000,2-13
2001,2-13
2002,2-13
2003,2-13
2004,2-13
2005,2-13
2006,2-13
2007,2-13
2008,2-13
2009,2-13
2010,2-13
2011,2-13
2012,2-13
2013,2-13
2014,2-13
2015,2-13
2016,2-13
2017,2-13
2018,2-13
2019,2-13
2020,2-13
2021,2-13
2022,2-13
2023,2-13
2000,2-142
2001,2-142
2002,2-142
2003,2-142
2004,2-142
2005,2-142
2006,2-142
2007,2-142
2008,2-142
2009,2-142
2010,2-142
2011,2-142
2012,2-142
2014,2-142
2015,2-142
2016,2-142
2017,2-142
2018,2-142
2019,2-142
2020,2-142
2021,2-142
2022,2-142
2023,2-142
1998,2-235
1999,2-235
2000,2-235
2001,2-235
2002,2-235
2003,2-235
2004,2-235
2005,2-235
2006,2-235
2007,2-235
2009,2-235
2010,2-235
2011,2-235
2012,2-235
2013,2-235
2014,2-235
2015,2-235
2016,2-235
2017,2-235
2018,2-235
2019,2-235
2020,2-235
2021,2-235
2022,2-235
2023,2-235
1996,2-265
2000,2-265
2001,2-265
2003,2-265
2004,2-265
2005,2-265
2006,2-265
2007,2-265
2008,2-265
2009,2-265
2010,2-265
2012,2-265
2013,2-265
2014,2-265
2015,2-265
2016,2-265
2017,2-265
2018,2-265
2019,2-265
2020,2-265
2021,2-265
2022,2-265
2023,2-265
1996,2-267
2000,2-267
2001,2-267
2002,2-267
2003,2-267
2004,2-267
2005,2-267
2006,2-267
2007,2-267
2008,2-267
2009,2-267
2010,2-267
2011,2-267
2012,2-267
2013,2-267
2014,2-267
2015,2-267
2016,2-267
2017,2-267
2018,2-267
2019,2-267
2020,2-267
2021,2-267
2022,2-267
2023,2-267
1986,2-268
1987,2-268
1988,2-268
1989,2-268
1990,2-268
1993,2-268
2000,2-268
2001,2-268
2002,2-268
2003,2-268
2004,2-268
2005,2-268
2006,2-268
2007,2-268
2008,2-268
2009,2-268
2010,2-268
2011,2-268
2012,2-268
2013,2-268
2014,2-268
2017,2-268
2018,2-268
2019,2-268
2020,2-268
2021,2-268
2022,2-268
2023,2-268
1986,2-275
1987,2-275
1988,2-275
1989,2-275
1990,2-275
1991,2-275
1992,2-275
1993,2-275
1994,2-275
1995,2-275
1997,2-275
1998,2-275
1999,2-275
2000,2-275
2003,2-275
2004,2-275
2007,2-275
2008,2-275
2009,2-275
2010,2-275
2011,2-275
2013,2-275
2015,2-275
2016,2-275
2017,2-275
2018,2-275
2020,2-275
2021,2-275
2022,2-275
2023,2-275
1967,2-279
1968,2-279
1969,2-279
1970,2-279
1971,2-279
1972,2-279
1973,2-279
1974,2-279
1976,2-279
1978,2-279
1982,2-279
1983,2-279
1985,2-279
1986,2-279
1988,2-279
1990,2-279
1991,2-279
1992,2-279
1995,2-279
1996,2-279
1999,2-279
2000,2-279
2001,2-279
2002,2-279
2003,2-279
2004,2-279
2005,2-279
2006,2-279
2007,2-279
2008,2-279
2009,2-279
2010,2-279
2011,2-279
2012,2-279
2013,2-279
2014,2-279
2015,2-279
2016,2-279
2017,2-279
2018,2-279
2019,2-279
2020,2-279
2021,2-279
2022,2-279
2023,2-279
1999,2-28
2000,2-28
2001,2-28
2002,2-28
2003,2-28
2004,2-28
2005,2-28
2006,2-28
2007,2-28
2008,2-28
2009,2-28
2010,2-28
2011,2-28
2012,2-28
2013,2-28
2014,2-28
2015,2-28
2016,2-28
2017,2-28
2018,2-28
2019,2-28
2020,2-28
2021,2-28
2022,2-28
2023,2-28
1986,2-280
1987,2-280
1988,2-280
1989,2-280
1990,2-280
1991,2-280
1992,2-280
1993,2-280
1994,2-280
1995,2-280
1999,2-280
2001,2-280
2005,2-280
2007,2-280
2008,2-280
2009,2-280
2010,2-280
2011,2-280
2012,2-280
2013,2-280
2014,2-280
2015,2-280
2016,2-280
2017,2-280
2018,2-280
2019,2-280
2020,2-280
2021,2-280
2022,2-280
2023,2-280
1999,2-284
2000,2-284
2001,2-284
2002,2-284
2003,2-284
2004,2-284
2005,2-284
2006,2-284
2007,2-284
2008,2-284
2009,2-284
2010,2-284
2011,2-284
2012,2-284
2013,2-284
2014,2-284
2015,2-284
2016,2-284
2017,2-284
2018,2-284
2019,2-284
2020,2-284
2021,2-284
2022,2-284
2023,2-284
1967,2-287
1968,2-287
1969,2-287
1974,2-287
1975,2-287
1976,2-287
1977,2-287
1978,2-287
1979,2-287
1980,2-287
1981,2-287
1982,2-287
1983,2-287
1984,2-287
1985,2-287
1986,2-287
1987,2-287
1988,2-287
1989,2-287
1990,2-287
1991,2-287
1992,2-287
1993,2-287
1994,2-287
1995,2-287
1997,2-287
1998,2-287
1999,2-287
2001,2-287
2002,2-287
1967,2-288
1968,2-288
1969,2-288
1970,2-288
1971,2-288
1972,2-288
1973,2-288
1974,2-288
1975,2-288
1976,2-288
1977,2-288
1978,2-288
1979,2-288
1980,2-288
1981,2-288
1982,2-288
1983,2-288
1984,2-288
1985,2-288
1987,2-288
1988,2-288
1989,2-288
1990,2-288
1991,2-288
1992,2-288
1993,2-288
1997,2-288
1998,2-288
1999,2-288
2000,2-288
2001,2-288
1986,2-290
1987,2-290
1988,2-290
1989,2-290
1990,2-290
1991,2-290
1992,2-290
1993,2-290
1994,2-290
1995,2-290
1996,2-290
1997,2-290
1998,2-290
1999,2-290
2000,2-290
2001,2-290
2002,2-290
2003,2-290
2004,2-290
2005,2-290
2006,2-290
2007,2-290
2008,2-290
2009,2-290
2010,2-290
2011,2-290
2012,2-290
2013,2-290
2014,2-290
2015,2-290
2016,2-290
2017,2-290
2018,2-290
2019,2-290
2020,2-290
2021,2-290
2022,2-290
2023,2-290
1988,2-291
1989,2-291
1990,2-291
1991,2-291
1992,2-291
1993,2-291
1994,2-291
1995,2-291
1996,2-291
1997,2-291
1998,2-291
1999,2-291
2000,2-291
2001,2-291
2002,2-291
2003,2-291
2004,2-291
2005,2-291
2006,2-291
2007,2-291
2008,2-291
2009,2-291
2011,2-291
2012,2-291
2013,2-291
2014,2-291
2015,2-291
2016,2-291
2017,2-291
2018,2-291
2019,2-291
2020,2-291
2021,2-291
2022,2-291
2023,2-291
1987,2-32
1988,2-32
1989,2-32
1990,2-32
1991,2-32
1992,2-32
1993,2-32
1994,2-32
1996,2-32
1997,2-32
1998,2-32
1999,2-32
2000,2-32
2001,2-32
2002,2-32
2004,2-32
2005,2-32
2006,2-32
2007,2-32
2008,2-32
2009,2-32
2010,2-32
2011,2-32
2012,2-32
2013,2-32
2014,2-32
2015,2-32
2016,2-32
2017,2-32
2018,2-32
2019,2-32
2020,2-32
2021,2-32
2022,2-32
2023,2-32
1971,2-323
1972,2-323
1973,2-323
1974,2-323
1975,2-323
1976,2-323
1977,2-323
1978,2-323
1979,2-323
1980,2-323
1981,2-323
1985,2-323
1987,2-323
1988,2-323
1989,2-323
1990,2-323
1991,2-323
1992,2-323
1993,2-323
1994,2-323
1995,2-323
1996,2-323
1997,2-323
1998,2-323
1999,2-323
2000,2-323
2001,2-323
2002,2-323
2003,2-323
2004,2-323
2005,2-323
2006,2-323
2008,2-323
2009,2-323
2010,2-323
2011,2-323
2012,2-323
2013,2-323
2014,2-323
2015,2-323
2016,2-323
2017,2-323
2018,2-323
2019,2-323
2020,2-323
2021,2-323
2022,2-323
2023,2-323
1971,2-329
1972,2-329
1973,2-329
1974,2-329
1975,2-329
1976,2-329
1977,2-329
1978,2-329
1979,2-329
1980,2-329
1981,2-329
1982,2-329
1984,2-329
1985,2-329
1986,2-329
1987,2-329
1988,2-329
1989,2-329
1990,2-329
1991,2-329
1992,2-329
1993,2-329
1994,2-329
1995,2-329
1997,2-329
1998,2-329
1999,2-329
2000,2-329
2001,2-329
1972,2-331
1973,2-331
1974,2-331
1975,2-331
1980,2-331
1981,2-331
1982,2-331
1983,2-331
1984,2-331
1985,2-331
1987,2-331
1988,2-331
1989,2-331
1990,2-331
1991,2-331
1992,2-331
1993,2-331
1994,2-331
1995,2-331
1996,2-331
1997,2-331
1998,2-331
1986,2-415
1987,2-415
1988,2-415
1989,2-415
1990,2-415
1991,2-415
1992,2-415
1997,2-415
2008,2-415
2009,2-415
2010,2-415
2011,2-415
2012,2-415
2013,2-415
2014,2-415
2015,2-415
2016,2-415
2017,2-415
2018,2-415
2019,2-415
2020,2-415
2021,2-415
2022,2-415
2023,2-415
1992,2-439
1998,2-439
1999,2-439
2000,2-439
2001,2-439
2002,2-439
2003,2-439
2004,2-439
2005,2-439
2006,2-439
2007,2-439
2008,2-439
2009,2-439
2010,2-439
2011,2-439
2012,2-439
2013,2-439
2014,2-439
2015,2-439
2016,2-439
2017,2-439
2018,2-439
2019,2-439
2020,2-439
2021,2-439
2022,2-439
2023,2-439
1996,2-451
2000,2-451
2001,2-451
2002,2-451
2004,2-451
2005,2-451
2006,2-451
2007,2-451
2008,2-451
2009,2-451
2011,2-451
2012,2-451
2013,2-451
2014,2-451
2015,2-451
2016,2-451
2017,2-451
2018,2-451
2019,2-451
2020,2-451
2021,2-451
2022,2-451
2023,2-451
1987,2-463
1989,2-463
1990,2-463
1991,2-463
1993,2-463
1994,2-463
1997,2-463
1998,2-463
1999,2-463
2000,2-463
2001,2-463
2002,2-463
2003,2-463
2004,2-463
2005,2-463
2006,2-463
2007,2-463
2008,2-463
2009,2-463
2010,2-463
2011,2-463
2012,2-463
2014,2-463
2015,2-463
2016,2-463
2017,2-463
2018,2-463
2019,2-463
2020,2-463
2021,2-463
2022,2-463
2023,2-463
1987,2-464
1988,2-464
1989,2-464
1990,2-464
1992,2-464
1993,2-464
1997,2-464
1998,2-464
1999,2-464
2000,2-464
2001,2-464
2002,2-464
2003,2-464
2004,2-464
2005,2-464
2006,2-464
2007,2-464
2008,2-464
2010,2-464
2011,2-464
2012,2-464
2013,2-464
2014,2-464
2015,2-464
2016,2-464
2017,2-464
2018,2-464
2019,2-464
2020,2-464
2021,2-464
2022,2-464
2023,2-464
1998,2-479
1999,2-479
2000,2-479
2001,2-479
2003,2-479
2004,2-479
2005,2-479
2006,2-479
2007,2-479
2008,2-479
2009,2-479
2010,2-479
2011,2-479
2012,2-479
2013,2-479
2014,2-479
2015,2-479
2016,2-479
2017,2-479
2018,2-479
2019,2-479
2020,2-479
2021,2-479
2022,2-479
2023,2-479
1987,2-607
1988,2-607
1989,2-607
1991,2-607
1992,2-607
1999,2-607
2000,2-607
2001,2-607
2002,2-607
2003,2-607
2004,2-607
2005,2-607
2006,2-607
2007,2-607
2008,2-607
2009,2-607
2010,2-607
2011,2-607
2013,2-607
2014,2-607
2015,2-607
2016,2-607
2017,2-607
2018,2-607
2019,2-607
2020,2-607
2021,2-607
2022,2-607
2023,2-607
1998,2-61
2000,2-61
2003,2-61
2004,2-61
2005,2-61
2007,2-61
2008,2-61
2009,2-61
2010,2-61
2011,2-61
2012,2-61
2013,2-61
2014,2-61
2015,2-61
2016,2-61
2017,2-61
2018,2-61
2019,2-61
2020,2-61
2021,2-61
2022,2-61
2023,2-61
1986,2-614
1987,2-614
1988,2-614
1989,2-614
1990,2-614
1991,2-614
1992,2-614
1993,2-614
1994,2-614
1995,2-614
1996,2-614
1997,2-614
1999,2-614
2000,2-614
2001,2-614
2002,2-614
2003,2-614
2005,2-614
2006,2-614
2007,2-614
2008,2-614
2009,2-614
2010,2-614
2011,2-614
2012,2-614
2013,2-614
2014,2-614
2015,2-614
2016,2-614
2017,2-614
2000,2-616
2001,2-616
2002,2-616
2004,2-616
2005,2-616
2006,2-616
2007,2-616
2008,2-616
2009,2-616
2010,2-616
2011,2-616
2012,2-616
2013,2-616
2014,2-616
2015,2-616
2016,2-616
2017,2-616
2018,2-616
2019,2-616
2020,2-616
2021,2-616
2022,2-616
2023,2-616
1999,2-633
2000,2-633
2001,2-633
2002,2-633
2003,2-633
2004,2-633
2005,2-633
2006,2-633
2007,2-633
2008,2-633
2009,2-633
2011,2-633
2013,2-633
2014,2-633
2015,2-633
2016,2-633
2017,2-633
2018,2-633
2019,2-633
2020,2-633
2021,2-633
2022,2-633
2023,2-633
2001,2-634
2002,2-634
2003,2-634
2004,2-634
2005,2-634
2006,2-634
2007,2-634
2008,2-634
2009,2-634
2010,2-634
2011,2-634
2012,2-634
2013,2-634
2014,2-634
2015,2-634
2016,2-634
2017,2-634
2018,2-634
2019,2-634
2020,2-634
2021,2-634
2022,2-634
2023,2-634
1985,20-2
1986,20-2
1987,20-2
1988,20-2
1989,20-2
1991,20-2
1993,20-2
1994,20-2
1995,20-2
1996,20-2
1997,20-2
1998,20-2
1999,20-2
2000,20-2
2001,20-2
2002,20-2
2003,20-2
2004,20-2
2005,20-2
2006,20-2
2007,20-2
2008,20-2
2009,20-2
2010,20-2
2011,20-2
2012,20-2
2013,20-2
2014,20-2
2015,20-2
2016,20-2
2017,20-2
2018,20-2
2019,20-2
2020,20-2
2021,20-2
2022,20-2
2023,20-2
1987,20-3
1988,20-3
1989,20-3
1990,20-3
1991,20-3
1992,20-3
1993,20-3
1995,20-3
1997,20-3
1998,20-3
1999,20-3
2000,20-3
2001,20-3
2002,20-3
2003,20-3
2004,20-3
2005,20-3
2006,20-3
2007,20-3
2008,20-3
2009,20-3
2010,20-3
2011,20-3
2012,20-3
2013,20-3
2014,20-3
2015,20-3
2016,20-3
2017,20-3
2018,20-3
2019,20-3
2020,20-3
2021,20-3
2022,20-3
2023,20-3
1991,200-4
1993,200-4
1994,200-4
1995,200-4
1996,200-4
1998,200-4
1999,200-4
2000,200-4
2002,200-4
2003,200-4
2004,200-4
2005,200-4
2006,200-4
2008,200-4
2009,200-4
2010,200-4
2011,200-4
2013,200-4
2014,200-4
2015,200-4
2016,200-4
2017,200-4
2018,200-4
2019,200-4
2020,200-4
2021,200-4
2022,200-4
2023,200-4
1989,203-2
1990,203-2
1991,203-2
1992,203-2
1993,203-2
1994,203-2
1995,203-2
1996,203-2
1997,203-2
1998,203-2
1999,203-2
2000,203-2
2001,203-2
2002,203-2
2003,203-2
2004,203-2
2005,203-2
2006,203-2
2007,203-2
2008,203-2
2009,203-2
2010,203-2
2012,203-2
2013,203-2
2014,203-2
2015,203-2
2016,203-2
2017,203-2
2018,203-2
2019,203-2
2020,203-2
2021,203-2
2022,203-2
2023,203-2
1972,206-3
1973,206-3
1974,206-3
1975,206-3
1976,206-3
1977,206-3
1979,206-3
1980,206-3
1982,206-3
1983,206-3
1984,206-3
1985,206-3
1987,206-3
1988,206-3
1989,206-3
1990,206-3
1991,206-3
1992,206-3
1997,206-3
1998,206-3
1999,206-3
2000,206-3
2001,206-3
2002,206-3
2003,206-3
2005,206-3
2006,206-3
2007,206-3
2008,206-3
2009,206-3
2010,206-3
2011,206-3
2012,206-3
2013,206-3
2014,206-3
2015,206-3
2016,206-3
2017,206-3
2018,206-3
2019,206-3
2020,206-3
2021,206-3
2022,206-3
2023,206-3
1985,208-2
1990,208-2
1991,208-2
1992,208-2
1993,208-2
1994,208-2
1995,208-2
1996,208-2
1997,208-2
1998,208-2
1999,208-2
2000,208-2
2002,208-2
2003,208-2
2004,208-2
2005,208-2
2006,208-2
2007,208-2
2008,208-2
2009,208-2
2010,208-2
2012,208-2
2013,208-2
2014,208-2
2015,208-2
2016,208-2
2017,208-2
2018,208-2
2019,208-2
2020,208-2
2021,208-2
2022,208-2
2023,208-2
1986,208-3
1987,208-3
1988,208-3
1989,208-3
1990,208-3
1991,208-3
1992,208-3
1993,208-3
1994,208-3
1995,208-3
1998,208-3
1999,208-3
2000,208-3
2001,208-3
2002,208-3
2003,208-3
2004,208-3
2005,208-3
2006,208-3
2007,208-3
2008,208-3
2009,208-3
2010,208-3
2011,208-3
2012,208-3
2013,208-3
2014,208-3
2015,208-3
2016,208-3
2017,208-3
2018,208-3
2019,208-3
2020,208-3
2021,208-3
2022,208-3
2023,208-3
1974,21-47
1975,21-47
1977,21-47
1984,21-47
1989,21-47
1990,21-47
1991,21-47
1992,21-47
1993,21-47
1994,21-47
1995,21-47
1996,21-47
1997,21-47
1998,21-47
1999,21-47
2000,21-47
2002,21-47
2003,21-47
2004,21-47
2005,21-47
2007,21-47
2008,21-47
2014,21-47
2015,21-47
2016,21-47
2017,21-47
2018,21-47
2019,21-47
2020,21-47
2021,21-47
2022,21-47
2023,21-47
1985,212-10
1986,212-10
1987,212-10
1988,212-10
1989,212-10
1990,212-10
1991,212-10
1992,212-10
1993,212-10
1995,212-10
1997,212-10
1999,212-10
2000,212-10
2004,212-10
2005,212-10
2006,212-10
2007,212-10
2008,212-10
2009,212-10
2011,212-10
2012,212-10
2013,212-10
2014,212-10
2015,212-10
2016,212-10
2017,212-10
2018,212-10
2019,212-10
2020,212-10
2021,212-10
2022,212-10
2023,212-10
1986,212-11
1987,212-11
1988,212-11
1989,212-11
1990,212-11
1991,212-11
1992,212-11
1993,212-11
1994,212-11
1995,212-11
1996,212-11
1997,212-11
1998,212-11
1999,212-11
2000,212-11
2001,212-11
2002,212-11
2006,212-11
2007,212-11
2008,212-11
2009,212-11
2010,212-11
2011,212-11
2012,212-11
2013,212-11
2014,212-11
2015,212-11
2016,212-11
2017,212-11
2018,212-11
2019,212-11
2020,212-11
2021,212-11
2022,212-11
2023,212-11
1991,212-48
1994,212-48
1995,212-48
1996,212-48
1997,212-48
1998,212-48
1999,212-48
2000,212-48
2001,212-48
2002,212-48
2003,212-48
2004,212-48
2005,212-48
2006,212-48
2007,212-48
2008,212-48
2009,212-48
2010,212-48
2011,212-48
2012,212-48
2013,212-48
2014,212-48
2016,212-48
2017,212-48
2018,212-48
2019,212-48
2020,212-48
2021,212-48
2022,212-48
2023,212-48
1993,212-49
1994,212-49
1995,212-49
1996,212-49
1997,212-49
1998,212-49
1999,212-49
2000,212-49
2001,212-49
2003,212-49
2004,212-49
2005,212-49
2006,212-49
2007,212-49
2008,212-49
2009,212-49
2010,212-49
2011,212-49
2012,212-49
2013,212-49
2014,212-49
2015,212-49
2016,212-49
2017,212-49
2018,212-49
2019,212-49
2020,212-49
2021,212-49
2022,212-49
2023,212-49
1981,213-2
1982,213-2
1983,213-2
1984,213-2
1985,213-2
1986,213-2
1987,213-2
1988,213-2
1989,213-2
1990,213-2
1991,213-2
1994,213-2
1995,213-2
1998,213-2
1999,213-2
2000,213-2
2001,213-2
2002,213-2
2003,213-2
2004,213-2
2006,213-2
2007,213-2
2008,213-2
2009,213-2
2011,213-2
2012,213-2
2013,213-2
2014,213-2
2015,213-2
2016,213-2
2017,213-2
2018,213-2
2019,213-2
2020,213-2
2021,213-2
2022,213-2
2023,213-2
1980,213-4
1981,213-4
1982,213-4
1983,213-4
1984,213-4
1985,213-4
1986,213-4
1987,213-4
1988,213-4
1989,213-4
1990,213-4
1991,213-4
1993,213-4
1994,213-4
1997,213-4
1998,213-4
1999,213-4
2000,213-4
2001,213-4
2002,213-4
2003,213-4
2004,213-4
2005,213-4
2006,213-4
2007,213-4
2008,213-4
2009,213-4
2010,213-4
2011,213-4
2012,213-4
2013,213-4
2014,213-4
2015,213-4
2016,213-4
2018,213-4
2019,213-4
2020,213-4
2021,213-4
2022,213-4
2023,213-4
1974,22-22
1975,22-22
1976,22-22
1977,22-22
1978,22-22
1980,22-22
1981,22-22
1982,22-22
1983,22-22
1984,22-22
1985,22-22
1986,22-22
1987,22-22
1988,22-22
1989,22-22
1990,22-22
1991,22-22
1993,22-22
1994,22-22
1995,22-22
1996,22-22
1997,22-22
1998,22-22
1999,22-22
2000,22-22
2001,22-22
2002,22-22
2003,22-22
2004,22-22
2005,22-22
2006,22-22
2007,22-22
2008,22-22
2009,22-22
2010,22-22
2011,22-22
2012,22-22
2013,22-22
2014,22-22
2015,22-22
2016,22-22
2017,22-22
2018,22-22
2019,22-22
2020,22-22
2021,22-22
2022,22-22
2023,22-22
1994,223-1
1995,223-1
1996,223-1
1997,223-1
1998,223-1
1999,223-1
2000,223-1
2001,223-1
2004,223-1
2005,223-1
2006,223-1
2007,223-1
2008,223-1
2009,223-1
2010,223-1
2011,223-1
2012,223-1
2013,223-1
2014,223-1
2015,223-1
2016,223-1
2017,223-1
2018,223-1
2019,223-1
2020,223-1
2021,223-1
2022,223-1
2023,223-1
1990,234-13
1991,234-13
1992,234-13
1993,234-13
1994,234-13
1995,234-13
1996,234-13
1997,234-13
1998,234-13
1999,234-13
2000,234-13
2001,234-13
2002,234-13
2003,234-13
2004,234-13
2005,234-13
2006,234-13
2007,234-13
2008,234-13
2009,234-13
2010,234-13
2011,234-13
2012,234-13
2013,234-13
2014,234-13
2015,234-13
2016,234-13
2017,234-13
2018,234-13
2019,234-13
2020,234-13
2021,234-13
2022,234-13
2023,234-13
1992,234-18
1993,234-18
1994,234-18
1995,234-18
1996,234-18
1997,234-18
1998,234-18
1999,234-18
2000,234-18
2001,234-18
2002,234-18
2003,234-18
2004,234-18
2005,234-18
2006,234-18
2007,234-18
2008,234-18
2009,234-18
2010,234-18
2011,234-18
2012,234-18
2013,234-18
2014,234-18
2015,234-18
2016,234-18
2017,234-18
2018,234-18
2019,234-18
2020,234-18
2021,234-18
2022,234-18
2023,234-18
1981,237-1
1982,237-1
1983,237-1
1984,237-1
1991,237-1
1993,237-1
1994,237-1
1995,237-1
1997,237-1
1998,237-1
1999,237-1
2000,237-1
2001,237-1
2002,237-1
2003,237-1
2004,237-1
2005,237-1
2006,237-1
2008,237-1
2009,237-1
2010,237-1
2012,237-1
2013,237-1
2014,237-1
2015,237-1
2016,237-1
2017,237-1
2018,237-1
2019,237-1
2020,237-1
2021,237-1
2022,237-1
2023,237-1
1995,24-8
1996,24-8
1997,24-8
1998,24-8
1999,24-8
2000,24-8
2001,24-8
2002,24-8
2003,24-8
2004,24-8
2005,24-8
2006,24-8
2007,24-8
2008,24-8
2009,24-8
2010,24-8
2011,24-8
2012,24-8
2013,24-8
2014,24-8
2015,24-8
2016,24-8
2017,24-8
2018,24-8
2019,24-8
2020,24-8
2021,24-8
2022,24-8
2023,24-8
1995,24-9
1996,24-9
1997,24-9
1998,24-9
1999,24-9
2000,24-9
2001,24-9
2002,24-9
2003,24-9
2004,24-9
2005,24-9
2006,24-9
2007,24-9
2008,24-9
2009,24-9
2010,24-9
2011,24-9
2012,24-9
2013,24-9
2014,24-9
2015,24-9
2016,24-9
2017,24-9
2018,24-9
2019,24-9
2020,24-9
2021,24-9
2022,24-9
2023,24-9
1985,244-2
1986,244-2
1987,244-2
1988,244-2
1989,244-2
1990,244-2
1991,244-2
1992,244-2
1993,244-2
1994,244-2
1995,244-2
1996,244-2
1997,244-2
1998,244-2
1999,244-2
2000,244-2
2001,244-2
2002,244-2
2003,244-2
2004,244-2
2005,244-2
2006,244-2
2007,244-2
2008,244-2
2009,244-2
2010,244-2
2012,244-2
2013,244-2
2014,244-2
2015,244-2
2016,244-2
2017,244-2
2018,244-2
2019,244-2
2020,244-2
2021,244-2
2022,244-2
2023,244-2
1985,246-9
1986,246-9
1987,246-9
1988,246-9
1989,246-9
1990,246-9
1991,246-9
1992,246-9
1994,246-9
1995,246-9
1996,246-9
1997,246-9
1998,246-9
1999,246-9
2000,246-9
2001,246-9
2002,246-9
2003,246-9
2004,246-9
2006,246-9
2007,246-9
2008,246-9
2009,246-9
2010,246-9
2011,246-9
2012,246-9
2013,246-9
2014,246-9
2015,246-9
2016,246-9
2017,246-9
2018,246-9
2019,246-9
2020,246-9
2021,246-9
2022,246-9
2023,246-9
1987,25-24
1988,25-24
1989,25-24
1990,25-24
1991,25-24
1992,25-24
1993,25-24
1995,25-24
1996,25-24
1997,25-24
1998,25-24
2000,25-24
2001,25-24
2002,25-24
2003,25-24
2004,25-24
2005,25-24
2006,25-24
2007,25-24
2008,25-24
2010,25-24
2014,25-24
2015,25-24
2016,25-24
2017,25-24
2018,25-24
2019,25-24
2020,25-24
2021,25-24
2023,25-24
1987,25-30
1988,25-30
1989,25-30
1990,25-30
1991,25-30
1992,25-30
1993,25-30
1994,25-30
1995,25-30
1996,25-30
1998,25-30
1999,25-30
2000,25-30
2001,25-30
2002,25-30
2003,25-30
2004,25-30
2005,25-30
2006,25-30
2007,25-30
2008,25-30
2009,25-30
2010,25-30
2011,25-30
2012,25-30
2013,25-30
2014,25-30
2015,25-30
2016,25-30
2017,25-30
2018,25-30
1971,26-20
1972,26-20
1973,26-20
1974,26-20
1975,26-20
1976,26-20
1977,26-20
1978,26-20
1979,26-20
1980,26-20
1981,26-20
1982,26-20
1983,26-20
1984,26-20
1985,26-20
1986,26-20
1987,26-20
1988,26-20
1989,26-20
1990,26-20
1991,26-20
1992,26-20
1993,26-20
1994,26-20
1995,26-20
1996,26-20
1997,26-20
1998,26-20
1999,26-20
2000,26-20
2001,26-20
2002,26-20
2003,26-20
2004,26-20
2005,26-20
2006,26-20
2007,26-20
2008,26-20
2010,26-20
2014,26-20
2015,26-20
2017,26-20
2018,26-20
2019,26-20
2020,26-20
2023,26-20
1971,26-21
1972,26-21
1973,26-21
1974,26-21
1975,26-21
1976,26-21
1977,26-21
1978,26-21
1979,26-21
1980,26-21
1981,26-21
1982,26-21
1983,26-21
1984,26-21
1985,26-21
1986,26-21
1987,26-21
1988,26-21
1989,26-21
1990,26-21
1991,26-21
1992,26-21
1993,26-21
1994,26-21
1995,26-21
1996,26-21
1997,26-21
1998,26-21
1999,26-21
2000,26-21
2001,26-21
2002,26-21
2003,26-21
2004,26-21
2006,26-21
2007,26-21
2008,26-21
2010,26-21
1978,26-29
1980,26-29
1981,26-29
1982,26-29
1983,26-29
1985,26-29
1986,26-29
1988,26-29
1989,26-29
1990,26-29
1991,26-29
1992,26-29
1993,26-29
1994,26-29
1995,26-29
1996,26-29
1997,26-29
1998,26-29
1999,26-29
2000,26-29
2001,26-29
2002,26-29
2003,26-29
2004,26-29
2005,26-29
2006,26-29
2007,26-29
2008,26-29
2009,26-29
2010,26-29
2011,26-29
2012,26-29
2013,26-29
2014,26-29
2015,26-29
2016,26-29
2017,26-29
2018,26-29
2019,26-29
2020,26-29
2021,26-29
2022,26-29
2023,26-29
1997,26-64
1998,26-64
1999,26-64
2000,26-64
2002,26-64
2004,26-64
2005,26-64
2006,26-64
2007,26-64
2008,26-64
2012,26-64
2013,26-64
2014,26-64
2015,26-64
2016,26-64
2017,26-64
2018,26-64
2019,26-64
2020,26-64
2021,26-64
2022,26-64
2023,26-64
1986,27-15
1987,27-15
1990,27-15
1991,27-15
1996,27-15
1997,27-15
1998,27-15
2000,27-15
2001,27-15
2002,27-15
2003,27-15
2004,27-15
2005,27-15
2006,27-15
2007,27-15
2008,27-15
2009,27-15
2010,27-15
2011,27-15
2012,27-15
2013,27-15
2014,27-15
2015,27-15
2016,27-15
2017,27-15
2018,27-15
2019,27-15
2020,27-15
2021,27-15
2022,27-15
2023,27-15
1987,27-16
1988,27-16
1989,27-16
1990,27-16
1992,27-16
1993,27-16
1994,27-16
1995,27-16
1998,27-16
1999,27-16
2000,27-16
2001,27-16
2003,27-16
2005,27-16
2006,27-16
2007,27-16
2008,27-16
2009,27-16
2010,27-16
2011,27-16
2012,27-16
2013,27-16
2014,27-16
2015,27-16
2016,27-16
2017,27-16
2018,27-16
2019,27-16
2020,27-16
2021,27-16
2022,27-16
2023,27-16
1983,27-25
1984,27-25
1985,27-25
1986,27-25
1987,27-25
1989,27-25
1990,27-25
1991,27-25
1994,27-25
1995,27-25
1996,27-25
1997,27-25
1998,27-25
1999,27-25
2000,27-25
2003,27-25
2004,27-25
2005,27-25
2006,27-25
2007,27-25
2008,27-25
2009,27-25
2010,27-25
2011,27-25
2012,27-25
2013,27-25
2014,27-25
2015,27-25
2016,27-25
2017,27-25
2018,27-25
2019,27-25
2020,27-25
2021,27-25
2022,27-25
1986,28-7
1987,28-7
1988,28-7
1989,28-7
1990,28-7
1991,28-7
1992,28-7
1993,28-7
1994,28-7
1995,28-7
1996,28-7
1997,28-7
1998,28-7
1999,28-7
2000,28-7
2001,28-7
2002,28-7
2003,28-7
2004,28-7
2005,28-7
2006,28-7
2007,28-7
2008,28-7
2009,28-7
2010,28-7
2011,28-7
2012,28-7
2013,28-7
2014,28-7
2015,28-7
2016,28-7
2017,28-7
2018,28-7
2019,28-7
2020,28-7
2021,28-7
2022,28-7
2023,28-7
1977,3-22
1978,3-22
1979,3-22
1980,3-22
1981,3-22
1982,3-22
1983,3-22
1985,3-22
1986,3-22
1988,3-22
1989,3-22
1990,3-22
1991,3-22
1992,3-22
1993,3-22
1994,3-22
1995,3-22
1996,3-22
1997,3-22
1998,3-22
1999,3-22
2000,3-22
2001,3-22
2002,3-22
2003,3-22
2004,3-22
2005,3-22
2006,3-22
2007,3-22
2008,3-22
2009,3-22
2010,3-22
2011,3-22
2013,3-22
2014,3-22
2015,3-22
2016,3-22
2017,3-22
2018,3-22
2019,3-22
2020,3-22
2021,3-22
2022,3-22
2023,3-22
1960,307-14
1961,307-14
1962,307-14
1963,307-14
1964,307-14
1965,307-14
1966,307-14
1967,307-14
1968,307-14
1969,307-14
1970,307-14
1973,307-14
1974,307-14
1975,307-14
1976,307-14
1977,307-14
1978,307-14
1980,307-14
1981,307-14
1983,307-14
1989,307-14
2020,307-14
2021,307-14
2022,307-14
2023,307-14
1989,307-5
1993,307-5
1994,307-5
1995,307-5
1996,307-5
1997,307-5
1998,307-5
1999,307-5
2000,307-5
2001,307-5
2002,307-5
2003,307-5
2004,307-5
2005,307-5
2006,307-5
2007,307-5
2008,307-5
2009,307-5
2010,307-5
2011,307-5
2012,307-5
2013,307-5
2014,307-5
2015,307-5
2016,307-5
2017,307-5
2018,307-5
2019,307-5
2020,307-5
2021,307-5
2022,307-5
2023,307-5
1990,308-1
1993,308-1
1994,308-1
1995,308-1
1996,308-1
1997,308-1
1998,308-1
1999,308-1
2000,308-1
2001,308-1
2002,308-1
2003,308-1
2004,308-1
2005,308-1
2006,308-1
2007,308-1
2010,308-1
2011,308-1
2012,308-1
2013,308-1
2014,308-1
2015,308-1
2016,308-1
2017,308-1
2018,308-1
2019,308-1
2020,308-1
2021,308-1
2022,308-1
2023,308-1
1987,311-4
1988,311-4
1989,311-4
1990,311-4
1991,311-4
1992,311-4
1993,311-4
1994,311-4
1996,311-4
1999,311-4
2000,311-4
2001,311-4
2004,311-4
2005,311-4
2006,311-4
2007,311-4
2008,311-4
2009,311-4
2010,311-4
2011,311-4
2012,311-4
2013,311-4
2014,311-4
2015,311-4
2016,311-4
2017,311-4
2018,311-4
2019,311-4
2020,311-4
2021,311-4
2023,311-4
1987,311-460
1988,311-460
1989,311-460
1991,311-460
1992,311-460
1993,311-460
1994,311-460
1997,311-460
1998,311-460
1999,311-460
2000,311-460
2001,311-460
2002,311-460
2003,311-460
2004,311-460
2005,311-460
2006,311-460
2007,311-460
2009,311-460
2010,311-460
2012,311-460
2013,311-460
2015,311-460
2016,311-460
2017,311-460
2018,311-460
2019,311-460
2020,311-460
2021,311-460
2022,311-460
2023,311-460
1999,311-6
2000,311-6
2002,311-6
2003,311-6
2004,311-6
2005,311-6
2006,311-6
2007,311-6
2008,311-6
2009,311-6
2010,311-6
2011,311-6
2012,311-6
2013,311-6
2014,311-6
2015,311-6
2016,311-6
2017,311-6
2018,311-6
2019,311-6
2020,311-6
2021,311-6
2022,311-6
2023,311-6
1991,33-10
1993,33-10
1994,33-10
1995,33-10
1996,33-10
1997,33-10
1998,33-10
1999,33-10
2000,33-10
2006,33-10
2007,33-10
2008,33-10
2010,33-10
2011,33-10
2012,33-10
2013,33-10
2014,33-10
2015,33-10
2016,33-10
2017,33-10
2018,33-10
2019,33-10
2020,33-10
2021,33-10
2022,33-10
2023,33-10
1991,35-16
1993,35-16
1994,35-16
1995,35-16
1996,35-16
1997,35-16
1998,35-16
1999,35-16
2000,35-16
2001,35-16
2002,35-16
2003,35-16
2004,35-16
2005,35-16
2006,35-16
2007,35-16
2008,35-16
2009,35-16
2010,35-16
2011,35-16
2012,35-16
2013,35-16
2014,35-16
2015,35-16
2016,35-16
2017,35-16
2018,35-16
2019,35-16
2020,35-16
2021,35-16
2022,35-16
2023,35-16
1983,35-9
1984,35-9
1990,35-9
1991,35-9
1992,35-9
1993,35-9
1994,35-9
1995,35-9
1997,35-9
1999,35-9
2000,35-9
2001,35-9
2002,35-9
2003,35-9
2004,35-9
2005,35-9
2006,35-9
2007,35-9
2008,35-9
2009,35-9
2011,35-9
2012,35-9
2013,35-9
2014,35-9
2015,35-9
2016,35-9
2017,35-9
2018,35-9
2019,35-9
2020,35-9
2021,35-9
2022,35-9
2023,35-9
1976,36-13
1977,36-13
1979,36-13
1980,36-13
1985,36-13
1988,36-13
1989,36-13
1990,36-13
1991,36-13
1992,36-13
1993,36-13
1994,36-13
1995,36-13
1996,36-13
1997,36-13
1998,36-13
1999,36-13
2000,36-13
2001,36-13
2002,36-13
2003,36-13
2004,36-13
2005,36-13
2006,36-13
2007,36-13
2008,36-13
2009,36-13
2010,36-13
2011,36-13
2012,36-13
2013,36-13
2014,36-13
2015,36-13
2016,36-13
2017,36-13
2018,36-13
2019,36-13
2020,36-13
2021,36-13
2022,36-13
2023,36-13
1993,36-32
1995,36-32
1997,36-32
1998,36-32
1999,36-32
2000,36-32
2001,36-32
2002,36-32
2003,36-32
2004,36-32
2005,36-32
2006,36-32
2007,36-32
2008,36-32
2009,36-32
2010,36-32
2011,36-32
2012,36-32
2013,36-32
2014,36-32
2015,36-32
2016,36-32
2017,36-32
2018,36-32
2019,36-32
2020,36-32
2021,36-32
2022,36-32
2023,36-32
1996,37-27
1997,37-27
1998,37-27
1999,37-27
2000,37-27
2001,37-27
2002,37-27
2003,37-27
2004,37-27
2008,37-27
2009,37-27
2010,37-27
2012,37-27
2013,37-27
2014,37-27
2015,37-27
2016,37-27
2017,37-27
2018,37-27
2019,37-27
2020,37-27
2021,37-27
2022,37-27
2023,37-27
1986,38-1
1987,38-1
1988,38-1
1989,38-1
1991,38-1
1993,38-1
1994,38-1
1995,38-1
1996,38-1
1997,38-1
1998,38-1
1999,38-1
2000,38-1
2003,38-1
2004,38-1
2006,38-1
2007,38-1
2008,38-1
2009,38-1
2010,38-1
2011,38-1
2012,38-1
2013,38-1
2014,38-1
2015,38-1
2016,38-1
2017,38-1
2018,38-1
2019,38-1
2020,38-1
2021,38-1
2022,38-1
1975,39-1
1976,39-1
1977,39-1
1978,39-1
1979,39-1
1980,39-1
1981,39-1
1982,39-1
1983,39-1
1984,39-1
1986,39-1
1987,39-1
1988,39-1
1989,39-1
1990,39-1
1991,39-1
1992,39-1
1993,39-1
1994,39-1
1995,39-1
1997,39-1
1998,39-1
1999,39-1
2000,39-1
2001,39-1
2004,39-1
2005,39-1
2006,39-1
2007,39-1
2008,39-1
2009,39-1
2011,39-1
2012,39-1
2013,39-1
2014,39-1
2015,39-1
2016,39-1
2017,39-1
2018,39-1
2019,39-1
2020,39-1
2021,39-1
2022,39-1
2023,39-1
1986,41-1
1987,41-1
1988,41-1
1989,41-1
1990,41-1
1991,41-1
1992,41-1
1993,41-1
1994,41-1
1995,41-1
1996,41-1
1997,41-1
1998,41-1
1999,41-1
2000,41-1
2001,41-1
2002,41-1
2003,41-1
2004,41-1
2005,41-1
2006,41-1
2007,41-1
2008,41-1
2009,41-1
2010,41-1
2011,41-1
2012,41-1
2013,41-1
2014,41-1
2015,41-1
2016,41-1
2017,41-1
2018,41-1
2019,41-1
2020,41-1
2021,41-1
2022,41-1
2023,41-1
1964,42-2
1965,42-2
1966,42-2
1967,42-2
1968,42-2
1969,42-2
1970,42-2
1971,42-2
1972,42-2
1973,42-2
1978,42-2
1979,42-2
1981,42-2
1983,42-2
1984,42-2
1985,42-2
1986,42-2
1987,42-2
1988,42-2
1989,42-2
1990,42-2
1991,42-2
1992,42-2
1994,42-2
1995,42-2
1996,42-2
1997,42-2
1998,42-2
1999,42-2
2000,42-2
2001,42-2
2002,42-2
2003,42-2
2004,42-2
2006,42-2
2007,42-2
2008,42-2
2009,42-2
2010,42-2
2011,42-2
2012,42-2
2013,42-2
2014,42-2
2015,42-2
2016,42-2
2017,42-2
2018,42-2
2019,42-2
2020,42-2
2021,42-2
2022,42-2
1974,46-7
1975,46-7
1976,46-7
1977,46-7
1978,46-7
1979,46-7
1980,46-7
1981,46-7
1983,46-7
1984,46-7
1985,46-7
1986,46-7
1987,46-7
1988,46-7
1989,46-7
1990,46-7
1991,46-7
1992,46-7
1993,46-7
1994,46-7
1995,46-7
1996,46-7
1997,46-7
1998,46-7
1999,46-7
2000,46-7
2001,46-7
2002,46-7
2004,46-7
2005,46-7
2006,46-7
2007,46-7
1981,46-9
1983,46-9
1984,46-9
1985,46-9
1986,46-9
1987,46-9
1989,46-9
1990,46-9
1991,46-9
1993,46-9
1994,46-9
1996,46-9
1998,46-9
1999,46-9
2000,46-9
2001,46-9
2002,46-9
2006,46-9
2008,46-9
2009,46-9
2010,46-9
2012,46-9
2013,46-9
2015,46-9
2016,46-9
2017,46-9
2018,46-9
2019,46-9
2020,46-9
2021,46-9
2022,46-9
1998,48-1
1999,48-1
2000,48-1
2001,48-1
2002,48-1
2003,48-1
2004,48-1
2005,48-1
2006,48-1
2008,48-1
2009,48-1
2010,48-1
2011,48-1
2012,48-1
2013,48-1
2014,48-1
2015,48-1
2016,48-1
2017,48-1
2018,48-1
2019,48-1
2020,48-1
2021,48-1
2022,48-1
2023,48-1
1979,48-5
1980,48-5
1981,48-5
1982,48-5
1983,48-5
1986,48-5
1987,48-5
1989,48-5
1990,48-5
1991,48-5
1992,48-5
1993,48-5
1994,48-5
1995,48-5
2000,48-5
2001,48-5
2002,48-5
2003,48-5
2004,48-5
2005,48-5
2006,48-5
2007,48-5
2008,48-5
2009,48-5
2010,48-5
2011,48-5
2012,48-5
2013,48-5
2014,48-5
2015,48-5
2016,48-5
2017,48-5
2018,48-5
2019,48-5
2020,48-5
2021,48-5
2022,48-5
2023,48-5
1962,50-1
1963,50-1
1964,50-1
1965,50-1
1966,50-1
1967,50-1
1968,50-1
1969,50-1
1970,50-1
1971,50-1
1972,50-1
1973,50-1
1974,50-1
1975,50-1
1976,50-1
1977,50-1
1979,50-1
1980,50-1
1981,50-1
1982,50-1
1983,50-1
1985,50-1
1986,50-1
1987,50-1
1988,50-1
1989,50-1
1990,50-1
1991,50-1
1992,50-1
1993,50-1
1994,50-1
1995,50-1
1996,50-1
1998,50-1
1999,50-1
2000,50-1
2001,50-1
2002,50-1
2003,50-1
2004,50-1
2005,50-1
2006,50-1
2007,50-1
2008,50-1
2009,50-1
2010,50-1
2011,50-1
2012,50-1
2013,50-1
2014,50-1
2015,50-1
2016,50-1
2017,50-1
2018,50-1
2019,50-1
2020,50-1
2021,50-1
2022,50-1
2023,50-1
1978,55-4
1979,55-4
1980,55-4
1981,55-4
1982,55-4
1983,55-4
1984,55-4
1986,55-4
1987,55-4
1988,55-4
1989,55-4
1990,55-4
1993,55-4
1994,55-4
1995,55-4
1996,55-4
1997,55-4
1998,55-4
1999,55-4
2000,55-4
2001,55-4
2002,55-4
2003,55-4
2004,55-4
2005,55-4
2006,55-4
2007,55-4
2008,55-4
2009,55-4
2010,55-4
2011,55-4
2012,55-4
2013,55-4
2014,55-4
2015,55-4
2016,55-4
2017,55-4
2018,55-4
2019,55-4
2020,55-4
2021,55-4
2022,55-4
1978,55-5
1979,55-5
1980,55-5
1981,55-5
1982,55-5
1983,55-5
1984,55-5
1985,55-5
1986,55-5
1988,55-5
1989,55-5
1990,55-5
1992,55-5
1995,55-5
1996,55-5
2002,55-5
2003,55-5
2004,55-5
2005,55-5
2006,55-5
2007,55-5
2008,55-5
2009,55-5
2010,55-5
2011,55-5
2012,55-5
2013,55-5
2014,55-5
2015,55-5
2016,55-5
2017,55-5
2018,55-5
2019,55-5
2020,55-5
2021,55-5
2022,55-5
1968,6-10
1969,6-10
1970,6-10
1971,6-10
1972,6-10
1973,6-10
1974,6-10
1975,6-10
1976,6-10
1977,6-10
1978,6-10
1979,6-10
1980,6-10
1981,6-10
1982,6-10
1983,6-10
1984,6-10
1985,6-10
1986,6-10
1987,6-10
1988,6-10
1989,6-10
1990,6-10
1992,6-10
1994,6-10
1995,6-10
1996,6-10
1997,6-10
1998,6-10
1999,6-10
2000,6-10
2001,6-10
2002,6-10
2003,6-10
2004,6-10
2005,6-10
2006,6-10
2007,6-10
2008,6-10
2009,6-10
2010,6-10
2011,6-10
2012,6-10
2013,6-10
2014,6-10
2015,6-10
2016,6-10
2017,6-10
2018,6-10
2019,6-10
2020,6-10
2021,6-10
2022,6-10
2023,6-10
1988,61-8
1989,61-8
1990,61-8
1991,61-8
1992,61-8
1993,61-8
1994,61-8
1998,61-8
2004,61-8
2005,61-8
2006,61-8
2007,61-8
2008,61-8
2009,61-8
2011,61-8
2013,61-8
2014,61-8
2015,61-8
2016,61-8
2017,61-8
2018,61-8
2019,61-8
2020,61-8
2021,61-8
2022,61-8
2023,61-8
1971,62-10
1972,62-10
1973,62-10
1974,62-10
1975,62-10
1976,62-10
1977,62-10
1978,62-10
1979,62-10
1980,62-10
1981,62-10
1982,62-10
1983,62-10
1984,62-10
1985,62-10
1988,62-10
1989,62-10
1990,62-10
1991,62-10
1992,62-10
1993,62-10
1994,62-10
1995,62-10
1996,62-10
1997,62-10
1998,62-10
1999,62-10
2000,62-10
2001,62-10
2002,62-10
2003,62-10
2004,62-10
2005,62-10
2006,62-10
2007,62-10
2008,62-10
2009,62-10
2010,62-10
2012,62-10
2013,62-10
2014,62-10
2015,62-10
2016,62-10
2017,62-10
2018,62-10
2019,62-10
2020,62-10
2021,62-10
2022,62-10
2023,62-10
1988,62-14
1989,62-14
1990,62-14
1991,62-14
1992,62-14
1993,62-14
1995,62-14
1999,62-14
2001,62-14
2002,62-14
2003,62-14
2004,62-14
2005,62-14
2006,62-14
2007,62-14
2008,62-14
2009,62-14
2010,62-14
2011,62-14
2012,62-14
2013,62-14
2014,62-14
2015,62-14
2016,62-14
2017,62-14
2018,62-14
2019,62-14
2020,62-14
2021,62-14
2022,62-14
2023,62-14
1984,62-15
1985,62-15
1986,62-15
1987,62-15
1988,62-15
1989,62-15
1990,62-15
1991,62-15
1992,62-15
1993,62-15
1994,62-15
1995,62-15
1996,62-15
1997,62-15
1998,62-15
1999,62-15
2000,62-15
2001,62-15
2002,62-15
2003,62-15
2004,62-15
2005,62-15
2006,62-15
2007,62-15
2008,62-15
2009,62-15
2010,62-15
2011,62-15
2012,62-15
2013,62-15
2014,62-15
2015,62-15
2016,62-15
2017,62-15
2018,62-15
2019,62-15
2020,62-15
2021,62-15
2022,62-15
2023,62-15
1988,62-18
1991,62-18
1992,62-18
1993,62-18
1996,62-18
1997,62-18
2002,62-18
2003,62-18
2005,62-18
2006,62-18
2007,62-18
2008,62-18
2010,62-18
2012,62-18
2013,62-18
2014,62-18
2015,62-18
2016,62-18
2017,62-18
2018,62-18
2019,62-18
2020,62-18
2021,62-18
2022,62-18
2023,62-18
1995,62-5
1996,62-5
1997,62-5
1998,62-5
1999,62-5
2000,62-5
2001,62-5
2002,62-5
2003,62-5
2004,62-5
2005,62-5
2006,62-5
2007,62-5
2008,62-5
2009,62-5
2010,62-5
2011,62-5
2012,62-5
2013,62-5
2014,62-5
2015,62-5
2016,62-5
2017,62-5
2018,62-5
2019,62-5
2020,62-5
2021,62-5
2022,62-5
2023,62-5
1995,63-12
1996,63-12
1999,63-12
2000,63-12
2002,63-12
2003,63-12
2005,63-12
2007,63-12
2008,63-12
2012,63-12
2013,63-12
2014,63-12
2015,63-12
2016,63-12
2017,63-12
2018,63-12
2019,63-12
2020,63-12
2021,63-12
2022,63-12
2023,63-12
1972,68-1
1973,68-1
1974,68-1
1975,68-1
1977,68-1
1978,68-1
1979,68-1
1980,68-1
1981,68-1
1982,68-1
1983,68-1
1984,68-1
1985,68-1
1986,68-1
1987,68-1
1988,68-1
1989,68-1
1990,68-1
1991,68-1
1992,68-1
1993,68-1
1994,68-1
1995,68-1
1996,68-1
1997,68-1
1998,68-1
1999,68-1
2000,68-1
2001,68-1
2002,68-1
2004,68-1
2005,68-1
1999,68-2
2000,68-2
2001,68-2
2003,68-2
2004,68-2
2007,68-2
2008,68-2
2009,68-2
2010,68-2
2011,68-2
2012,68-2
2013,68-2
2014,68-2
2015,68-2
2016,68-2
2017,68-2
2018,68-2
2019,68-2
2020,68-2
2021,68-2
2022,68-2
2023,68-2
1969,70-8
1970,70-8
1988,70-8
1990,70-8
1991,70-8
1992,70-8
1993,70-8
1994,70-8
1995,70-8
1996,70-8
1997,70-8
1998,70-8
1999,70-8
2000,70-8
2001,70-8
2002,70-8
2003,70-8
2004,70-8
2005,70-8
2006,70-8
2007,70-8
2008,70-8
2009,70-8
2010,70-8
2011,70-8
2012,70-8
2013,70-8
2014,70-8
2015,70-8
2016,70-8
2017,70-8
2018,70-8
2019,70-8
2020,70-8
2022,70-8
2023,70-8
1988,71-1
1989,71-1
1991,71-1
1992,71-1
1993,71-1
1994,71-1
1995,71-1
1996,71-1
1997,71-1
1998,71-1
1999,71-1
2000,71-1
2001,71-1
2002,71-1
2003,71-1
2004,71-1
2005,71-1
2007,71-1
2008,71-1
2009,71-1
2010,71-1
2011,71-1
2012,71-1
2013,71-1
2014,71-1
2015,71-1
2016,71-1
2017,71-1
2018,71-1
2019,71-1
2020,71-1
2021,71-1
2022,71-1
2023,71-1
1973,71-5
1974,71-5
1976,71-5
1978,71-5
1979,71-5
1980,71-5
1981,71-5
1982,71-5
1983,71-5
1984,71-5
1985,71-5
1986,71-5
1987,71-5
1988,71-5
1989,71-5
1990,71-5
1991,71-5
1992,71-5
1993,71-5
1994,71-5
1995,71-5
1996,71-5
1997,71-5
1998,71-5
1999,71-5
2000,71-5
2001,71-5
2002,71-5
2003,71-5
2004,71-5
1968,73-21
1969,73-21
1970,73-21
1971,73-21
1994,73-21
1995,73-21
1996,73-21
1999,73-21
2000,73-21
2001,73-21
2002,73-21
2003,73-21
2004,73-21
2005,73-21
2006,73-21
2007,73-21
2008,73-21
2009,73-21
2010,73-21
2011,73-21
2012,73-21
2013,73-21
2014,73-21
2016,73-21
2017,73-21
2018,73-21
2019,73-21
2020,73-21
2021,73-21
2022,73-21
2023,73-21
1968,73-27
1980,73-27
1981,73-27
1992,73-27
1995,73-27
1996,73-27
1997,73-27
1998,73-27
1999,73-27
2000,73-27
2001,73-27
2002,73-27
2003,73-27
2004,73-27
2005,73-27
2006,73-27
2007,73-27
2008,73-27
2009,73-27
2010,73-27
2011,73-27
2012,73-27
2013,73-27
2014,73-27
2015,73-27
2016,73-27
2017,73-27
2018,73-27
2019,73-27
2020,73-27
2021,73-27
2022,73-27
2023,73-27
1983,74-18
1991,74-18
1992,74-18
1994,74-18
1995,74-18
1996,74-18
1998,74-18
1999,74-18
2000,74-18
2001,74-18
2002,74-18
2003,74-18
2004,74-18
2005,74-18
2008,74-18
2009,74-18
2010,74-18
2011,74-18
2012,74-18
2013,74-18
2014,74-18
2015,74-18
2016,74-18
2018,74-18
2019,74-18
2020,74-18
2021,74-18
2022,74-18
2023,74-18
1985,75-22
1986,75-22
1987,75-22
1988,75-22
1989,75-22
1990,75-22
1991,75-22
1992,75-22
1993,75-22
1996,75-22
1997,75-22
1998,75-22
1999,75-22
2000,75-22
2001,75-22
2002,75-22
2003,75-22
2004,75-22
2006,75-22
2007,75-22
2008,75-22
2009,75-22
2011,75-22
2012,75-22
2014,75-22
2015,75-22
2016,75-22
1966,75-23
1967,75-23
1968,75-23
1969,75-23
1970,75-23
1971,75-23
1972,75-23
1973,75-23
1974,75-23
1975,75-23
1976,75-23
1977,75-23
1978,75-23
1979,75-23
1980,75-23
1981,75-23
1982,75-23
1983,75-23
1984,75-23
1985,75-23
1986,75-23
1987,75-23
1988,75-23
1989,75-23
1990,75-23
1991,75-23
1992,75-23
1993,75-23
1994,75-23
1995,75-23
1996,75-23
1997,75-23
1998,75-23
1999,75-23
2000,75-23
2001,75-23
2002,75-23
2003,75-23
2004,75-23
2005,75-23
2006,75-23
2007,75-23
2008,75-23
2009,75-23
2010,75-23
2011,75-23
2012,75-23
2013,75-23
2014,75-23
2015,75-23
2016,75-23
2017,75-23
2018,75-23
2019,75-23
2020,75-23
2022,75-23
2023,75-23
1974,75-28
1975,75-28
1976,75-28
1978,75-28
1979,75-28
1980,75-28
1981,75-28
1982,75-28
1983,75-28
1984,75-28
1985,75-28
1986,75-28
1987,75-28
1988,75-28
1989,75-28
1990,75-28
1991,75-28
1992,75-28
1993,75-28
1994,75-28
1995,75-28
1996,75-28
1997,75-28
1998,75-28
1999,75-28
2001,75-28
2002,75-28
2003,75-28
2004,75-28
2005,75-28
2006,75-28
2007,75-28
2008,75-28
2009,75-28
2010,75-28
2011,75-28
2012,75-28
2013,75-28
2014,75-28
2015,75-28
2016,75-28
2017,75-28
2018,75-28
2019,75-28
2020,75-28
2021,75-28
2022,75-28
1985,76-10
1986,76-10
1987,76-10
1988,76-10
1989,76-10
1990,76-10
1991,76-10
1992,76-10
1993,76-10
1994,76-10
1995,76-10
1996,76-10
1997,76-10
1998,76-10
1999,76-10
2000,76-10
2001,76-10
2002,76-10
2003,76-10
2004,76-10
2005,76-10
2006,76-10
2007,76-10
2009,76-10
2010,76-10
2011,76-10
2012,76-10
2013,76-10
2014,76-10
2015,76-10
2016,76-10
2017,76-10
2018,76-10
2020,76-10
2021,76-10
2022,76-10
2023,76-10
1987,76-14
1989,76-14
1990,76-14
1991,76-14
1993,76-14
1994,76-14
1995,76-14
1997,76-14
1998,76-14
1999,76-14
2000,76-14
2001,76-14
2002,76-14
2003,76-14
2004,76-14
2005,76-14
2006,76-14
2009,76-14
2010,76-14
2011,76-14
2012,76-14
2013,76-14
2014,76-14
2015,76-14
2016,76-14
1991,77-3
1992,77-3
1993,77-3
1994,77-3
1995,77-3
1996,77-3
1997,77-3
1998,77-3
1999,77-3
2000,77-3
2001,77-3
2002,77-3
2003,77-3
2004,77-3
2005,77-3
2006,77-3
2007,77-3
2008,77-3
2009,77-3
2010,77-3
2011,77-3
2012,77-3
2013,77-3
2014,77-3
2015,77-3
2016,77-3
2017,77-3
2018,77-3
2019,77-3
2020,77-3
2021,77-3
2022,77-3
2023,77-3
1984,79-3
1985,79-3
1986,79-3
1987,79-3
1988,79-3
1989,79-3
1991,79-3
1992,79-3
1993,79-3
1994,79-3
1995,79-3
1996,79-3
1997,79-3
1998,79-3
1999,79-3
2000,79-3
2001,79-3
2002,79-3
2003,79-3
2004,79-3
2005,79-3
2006,79-3
2007,79-3
2008,79-3
2009,79-3
2010,79-3
2011,79-3
2012,79-3
2013,79-3
2014,79-3
2015,79-3
2016,79-3
2017,79-3
2018,79-3
2019,79-3
2020,79-3
2021,79-3
2022,79-3
2023,79-3
1986,8-2
1988,8-2
1990,8-2
1991,8-2
1992,8-2
1993,8-2
1994,8-2
1995,8-2
1996,8-2
1997,8-2
1998,8-2
1999,8-2
2000,8-2
2001,8-2
2002,8-2
2003,8-2
2004,8-2
2005,8-2
2006,8-2
2008,8-2
2009,8-2
2010,8-2
2011,8-2
2012,8-2
2013,8-2
2014,8-2
2015,8-2
2016,8-2
2017,8-2
2018,8-2
2019,8-2
2020,8-2
2021,8-2
2022,8-2
2023,8-2
1972,8-6
1975,8-6
1976,8-6
1977,8-6
1978,8-6
1979,8-6
1981,8-6
1982,8-6
1983,8-6
1989,8-6
1990,8-6
1991,8-6
1992,8-6
1993,8-6
1995,8-6
1996,8-6
1997,8-6
1998,8-6
1999,8-6
2000,8-6
2002,8-6
2003,8-6
2004,8-6
2005,8-6
2006,8-6
2007,8-6
2008,8-6
2009,8-6
2010,8-6
2011,8-6
2012,8-6
2013,8-6
2014,8-6
2015,8-6
2016,8-6
2017,8-6
2018,8-6
2019,8-6
2020,8-6
2021,8-6
2022,8-6
2023,8-6
1976,8-8
1977,8-8
1978,8-8
1979,8-8
1980,8-8
1981,8-8
1982,8-8
1983,8-8
1987,8-8
1990,8-8
1991,8-8
1992,8-8
1993,8-8
1994,8-8
1995,8-8
1996,8-8
1997,8-8
1998,8-8
1999,8-8
2001,8-8
1977,81-1
1978,81-1
1979,81-1
1980,81-1
1981,81-1
1982,81-1
1983,81-1
1984,81-1
1986,81-1
1987,81-1
1988,81-1
1989,81-1
1990,81-1
1991,81-1
1992,81-1
1993,81-1
1995,81-1
1996,81-1
1997,81-1
1998,81-1
1999,81-1
2000,81-1
2001,81-1
2002,81-1
2003,81-1
2004,81-1
2005,81-1
2006,81-1
2007,81-1
2008,81-1
2009,81-1
2010,81-1
2011,81-1
2012,81-1
2013,81-1
2014,81-1
2015,81-1
2016,81-1
2017,81-1
2018,81-1
2019,81-1
2020,81-1
2021,81-1
2022,81-1
2023,81-1
1985,83-12
1986,83-12
1987,83-12
1988,83-12
1989,83-12
1990,83-12
1991,83-12
1992,83-12
1993,83-12
1994,83-12
1995,83-12
1996,83-12
1997,83-12
1998,83-12
2000,83-12
2001,83-12
2002,83-12
2003,83-12
2004,83-12
2005,83-12
2006,83-12
2007,83-12
2008,83-12
2009,83-12
2010,83-12
2011,83-12
2012,83-12
2013,83-12
2014,83-12
2015,83-12
2016,83-12
2017,83-12
2018,83-12
2019,83-12
2020,83-12
2021,83-12
2022,83-12
2023,83-12
1985,83-2
1986,83-2
1987,83-2
1988,83-2
1989,83-2
1990,83-2
1991,83-2
1992,83-2
1993,83-2
1994,83-2
1995,83-2
1996,83-2
1997,83-2
1998,83-2
1999,83-2
2000,83-2
2001,83-2
2002,83-2
2003,83-2
2004,83-2
2005,83-2
2006,83-2
2007,83-2
2008,83-2
2009,83-2
2010,83-2
2011,83-2
2012,83-2
2013,83-2
2014,83-2
2015,83-2
2016,83-2
2017,83-2
2018,83-2
2019,83-2
2020,83-2
2021,83-2
2022,83-2
2023,83-2
1985,83-6
1986,83-6
1987,83-6
1988,83-6
1989,83-6
1990,83-6
1991,83-6
1992,83-6
1993,83-6
1994,83-6
1995,83-6
1996,83-6
1997,83-6
1998,83-6
1999,83-6
2000,83-6
2001,83-6
2002,83-6
2003,83-6
2004,83-6
2005,83-6
2006,83-6
2007,83-6
2008,83-6
2009,83-6
2010,83-6
2011,83-6
2012,83-6
2013,83-6
2014,83-6
2015,83-6
2016,83-6
2017,83-6
2018,83-6
2019,83-6
2020,83-6
2021,83-6
2022,83-6
2023,83-6
1966,83-7
1967,83-7
1969,83-7
1970,83-7
1971,83-7
1972,83-7
1973,83-7
1974,83-7
1977,83-7
1979,83-7
1980,83-7
1981,83-7
1982,83-7
1983,83-7
1984,83-7
1985,83-7
1986,83-7
1987,83-7
1988,83-7
1989,83-7
1990,83-7
1991,83-7
1992,83-7
1993,83-7
1994,83-7
1996,83-7
1997,83-7
1998,83-7
1999,83-7
2000,83-7
2001,83-7
2002,83-7
2004,83-7
2005,83-7
2006,83-7
2007,83-7
2008,83-7
2009,83-7
2010,83-7
2011,83-7
2012,83-7
2013,83-7
2014,83-7
2015,83-7
2016,83-7
2017,83-7
2018,83-7
2019,83-7
2020,83-7
2021,83-7
2022,83-7
2023,83-7
1984,84-20
1985,84-20
1986,84-20
1988,84-20
1989,84-20
1990,84-20
1991,84-20
1992,84-20
1993,84-20
1994,84-20
1995,84-20
1996,84-20
1997,84-20
1998,84-20
1999,84-20
2000,84-20
2001,84-20
2003,84-20
2004,84-20
2005,84-20
2006,84-20
2007,84-20
2008,84-20
2009,84-20
2010,84-20
2011,84-20
2012,84-20
2013,84-20
2014,84-20
2015,84-20
2016,84-20
2017,84-20
2018,84-20
2019,84-20
2020,84-20
2021,84-20
2022,84-20
2023,84-20
1982,85-4
1983,85-4
1985,85-4
1986,85-4
1987,85-4
1988,85-4
1989,85-4
1990,85-4
1991,85-4
1992,85-4
1993,85-4
1994,85-4
1996,85-4
1998,85-4
1999,85-4
2000,85-4
2001,85-4
2002,85-4
2003,85-4
2004,85-4
2005,85-4
2006,85-4
2008,85-4
2009,85-4
2010,85-4
2011,85-4
2012,85-4
2013,85-4
2014,85-4
2015,85-4
2016,85-4
2017,85-4
2018,85-4
2019,85-4
2020,85-4
2021,85-4
2022,85-4
2023,85-4
1984,86-10
1986,86-10
1987,86-10
1988,86-10
1990,86-10
1991,86-10
1992,86-10
1993,86-10
1994,86-10
1996,86-10
1997,86-10
2000,86-10
2001,86-10
2005,86-10
2006,86-10
2007,86-10
2009,86-10
2010,86-10
2011,86-10
2012,86-10
2013,86-10
2014,86-10
2015,86-10
2016,86-10
2017,86-10
2018,86-10
2019,86-10
2020,86-10
2021,86-10
2022,86-10
2023,86-10
1983,86-12
1984,86-12
1985,86-12
1986,86-12
1987,86-12
1991,86-12
1992,86-12
1993,86-12
1994,86-12
1995,86-12
1998,86-12
1999,86-12
2000,86-12
2001,86-12
2002,86-12
2003,86-12
2004,86-12
2005,86-12
2006,86-12
2007,86-12
2008,86-12
2009,86-12
2010,86-12
2011,86-12
2012,86-12
2013,86-12
2014,86-12
2015,86-12
2016,86-12
2017,86-12
2018,86-12
2019,86-12
2020,86-12
2021,86-12
2022,86-12
2023,86-12
1970,86-4
1971,86-4
1973,86-4
1974,86-4
1975,86-4
1976,86-4
1982,86-4
1983,86-4
1984,86-4
1985,86-4
1986,86-4
1987,86-4
1988,86-4
1989,86-4
1990,86-4
1991,86-4
1992,86-4
1993,86-4
1994,86-4
1995,86-4
1996,86-4
1997,86-4
1998,86-4
1999,86-4
2000,86-4
1985,88-11
1986,88-11
1987,88-11
1988,88-11
1989,88-11
1991,88-11
1992,88-11
1993,88-11
1995,88-11
1997,88-11
1998,88-11
1999,88-11
2000,88-11
2007,88-11
2008,88-11
2009,88-11
2010,88-11
2011,88-11
2012,88-11
2013,88-11
2014,88-11
2015,88-11
2016,88-11
2017,88-11
2018,88-11
2019,88-11
2020,88-11
2021,88-11
2022,88-11
2023,88-11
1987,88-15
1988,88-15
1998,88-15
1999,88-15
2000,88-15
2001,88-15
2003,88-15
2004,88-15
2005,88-15
2006,88-15
2007,88-15
2008,88-15
2009,88-15
2010,88-15
2011,88-15
2012,88-15
2013,88-15
2014,88-15
2015,88-15
2016,88-15
2017,88-15
2018,88-15
2019,88-15
2020,88-15
2021,88-15
2022,88-15
2023,88-15
1988,88-30
1989,88-30
1990,88-30
1991,88-30
1992,88-30
1993,88-30
1994,88-30
1995,88-30
1996,88-30
1997,88-30
1998,88-30
1999,88-30
2000,88-30
2001,88-30
2002,88-30
2003,88-30
2004,88-30
2005,88-30
2006,88-30
2007,88-30
2008,88-30
2009,88-30
2010,88-30
2011,88-30
2012,88-30
2013,88-30
2014,88-30
2015,88-30
2016,88-30
2017,88-30
2018,88-30
2019,88-30
2020,88-30
2021,88-30
2022,88-30
2023,88-30
1990,88-4
1991,88-4
1992,88-4
1993,88-4
1994,88-4
1995,88-4
1996,88-4
1997,88-4
1998,88-4
1999,88-4
2000,88-4
2001,88-4
2002,88-4
2003,88-4
2004,88-4
2005,88-4
2006,88-4
2007,88-4
2008,88-4
2009,88-4
2010,88-4
2011,88-4
2012,88-4
2013,88-4
2014,88-4
2015,88-4
2016,88-4
2017,88-4
2018,88-4
2019,88-4
2020,88-4
2021,88-4
2022,88-4
2023,88-4
1990,89-1
1991,89-1
1992,89-1
1993,89-1
1994,89-1
1995,89-1
1997,89-1
1998,89-1
1999,89-1
2000,89-1
2001,89-1
2002,89-1
2003,89-1
2004,89-1
2005,89-1
2006,89-1
2007,89-1
2008,89-1
2009,89-1
2010,89-1
2011,89-1
2012,89-1
2013,89-1
2014,89-1
2015,89-1
2016,89-1
2017,89-1
2018,89-1
2019,89-1
2020,89-1
2021,89-1
2022,89-1
2023,89-1
1985,91-2
1986,91-2
1987,91-2
1988,91-2
1989,91-2
1990,91-2
1991,91-2
1992,91-2
1993,91-2
1994,91-2
1995,91-2
1996,91-2
1997,91-2
1998,91-2
1999,91-2
2000,91-2
2001,91-2
2002,91-2
2003,91-2
2004,91-2
2005,91-2
2006,91-2
2007,91-2
2008,91-2
2010,91-2
2011,91-2
2012,91-2
2013,91-2
2014,91-2
2015,91-2
2016,91-2
2017,91-2
2018,91-2
2019,91-2
2020,91-2
2021,91-2
2022,91-2
2023,91-2
1986,96-3
1988,96-3
1989,96-3
1990,96-3
1995,96-3
1997,96-3
1999,96-3
2000,96-3
2001,96-3
2003,96-3
2004,96-3
2005,96-3
2006,96-3
2007,96-3
2008,96-3
2011,96-3
2012,96-3
2013,96-3
2014,96-3
2015,96-3
2016,96-3
2017,96-3
2018,96-3
2019,96-3
2020,96-3
2021,96-3
2022,96-3
2023,96-3
1991,98-4
1992,98-4
1993,98-4
1994,98-4
1995,98-4
1996,98-4
1997,98-4
1998,98-4
2000,98-4
2001,98-4
2003,98-4
2004,98-4
2005,98-4
2006,98-4
2007,98-4
2008,98-4
2009,98-4
2010,98-4
2011,98-4
2012,98-4
2013,98-4
2014,98-4
2015,98-4
2016,98-4
2017,98-4
2018,98-4
2019,98-4
2020,98-4
2021,98-4
2022,98-4
2023,98-4
1993,99-17
1999,99-17
2000,99-17
2001,99-17
2002,99-17
2003,99-17
2004,99-17
2005,99-17
2006,99-17
2008,99-17
2009,99-17
2010,99-17
2011,99-17
2012,99-17
2014,99-17
2015,99-17
2016,99-17
2017,99-17
2018,99-17
2019,99-17
2020,99-17
2021,99-17
2022,99-17
2023,99-17
